,会社名,タイトル,掲載終了日
0,UTパベック株式会社 | 【東証一部上場グループ】入社祝い金10万円支給エリア多数！,未経験歓迎【ものづくりスタッフ】女性活躍中☆力仕事少なめ 正社員,掲載終了予定日： 2022/02/14
1,株式会社テクニケーション | 定着率97.5％／前職から平均150万円年収UP／残業月平均10.5h,【ITエンジニア】★リモートワーク90％超 ★単価還元率70～90％ 正社員,掲載終了予定日： 2022/02/14
2,株式会社ミュゼプラチナム | 人と話すことが好きな方大歓迎♪／未経験OK／WEB面接1回,【受付カウンセラー】全身美容脱毛0円 ★ 高卒以上 ★ 賞与年4回 正社員,掲載終了予定日： 2022/03/07
3,株式会社アイダ設計 | 1都2府21県へエリア拡大中／テレビ・ラジオCMでもお馴染みの企業,WEB集客多数★商談チャンスが多い【住宅営業】※男女活躍中 正社員,掲載終了予定日： 2022/02/07
4,株式会社こども総合研究所 | ＜教育×IT(AI・ビッグデータ)／年休125日／残業ほぼゼロ＞,【100%自社内開発エンジニア】★前職給与以上を確約します★ 正社員,掲載終了予定日： 2022/02/14
5,エムケイ株式会社 | 【大阪府緊急雇用対策に賛同】★WEB説明会実施中（随時）★,【観光コンシェルジュ(ドライバー)】※有給消化率8割超/社宅あり 正社員,掲載終了予定日： 2022/03/21
6,株式会社オープンハウス | 東証一部上場オープンハウスグループの中核企業/20代管理職率76%,【営業総合職】未経験歓迎★「20代で年収1000万円」の実績多数！ 正社員,掲載終了予定日： 2022/02/07
7,株式会社アーネストワン | 東証一部上場グループ/2年目年収800万円超も可/スピード昇格多数,戸建住宅の【施工管理】初年度想定年収442万円/利益率前年比150% 正社員,掲載終了予定日： 2022/02/21
8,株式会社テクノプロ・コンストラクション | 業界売上No.1【東証一部上場テクノプログループ】,未経験歓迎【事務スタッフ(書類作成/写真撮影等)】★土日祝休み 正社員,掲載終了予定日： 2022/02/14
9,日研トータルソーシング株式会社 | ◆WEB面接1回のみで内定も可能◆年休最大160日◆残業ほぼなし,好きな街で働けるものづくり【サポートスタッフ】年休最大160日 正社員,掲載終了予定日： 2022/02/07
10,株式会社プレコヴィユニット | 過去最高利益を達成した「プレコグループ」の安定性◎,食品商社の【ルートセールス】★引越手当あり★未経験者歓迎 正社員,掲載終了予定日： 2022/02/21
11,株式会社テクノプロ・コンストラクション | 業界売上No.1【東証一部上場テクノプログループ】,【総合職(管理・資料作成等)】未経験歓迎★土日祝休／研修充実 正社員,掲載終了予定日： 2022/02/14
12,UTエイム株式会社 | 【東証一部上場グループ】★30～40代多数活躍中！,無理のない環境で働く！【ピッキング・仕分け】★土日休みも可能 正社員,掲載終了予定日： 2022/02/07
13,"株式会社ビッグモーター | ◆BIGな環境でBIGに稼げる！◆直近1年の最高年収4,600万円",業界No.1の【カーライフアドバイザー】経験/学歴/年齢/資格不問 正社員,掲載終了予定日： 2022/02/14
14,ライクスタッフィング株式会社 | ★東証一部上場グループ★WEB面接1回★残業月20h以内★年休120日,【総合職(進行管理スタッフ/BIM CADオペレーター)】★経験者優遇 正社員,掲載終了予定日： 2022/03/21
15,株式会社クラシアン | 月9日休み★日本全国に展開中！好きな街で働ける,大手企業で、安定のキャリアを！【サービススタッフ】★全国募集 正社員,掲載終了予定日： 2022/03/07
16,株式会社ビッグモーター | 【業界No.1の実績とブランド力】＼全国募集！好きな街で活躍♪／,未経験歓迎【受付事務】★転勤なし★基本定時退社★月8～10日休 正社員,掲載終了予定日： 2022/02/14
17,フォーザウィン株式会社 | ＜有休消化率100%／残業月平均15時間以下／年間休日125日＞,【インフラエンジニア】◆経験者 ◆前給以上確約 ◆面接保証 正社員,掲載終了予定日： 2022/02/14
18,株式会社ビッグモーター | 業界No.1企業の安定性／面接1回／転勤なし／連休OK！,【登録事務スタッフ】☆未経験歓迎☆基本定時退社☆土日休み 正社員,掲載終了予定日： 2022/02/21
19,株式会社エヌ事業hoop | ★土日祝休み ★残業20時間以内,稼ぐ営業に成長した20～30代活躍中【法人営業(施工プランナー)】 正社員,掲載終了予定日： 2022/04/25
20,株式会社クラシアン | 【景気に左右されない安定企業】★残業代100%＆歩合給＆手当あり,慣れ親しんだ街で、しっかり稼ぐ！【営業スタッフ】★名古屋募集 正社員,掲載終了予定日： 2022/03/07
21,DSP株式会社 | 初年度年収450万円以上可/産休育休有/大阪府緊急雇用対策に賛同,【総合職(営業/広報/人事/総務など)】やりたいことが見つかる♪ 正社員,掲載終了予定日： 2022/02/14
22,株式会社ビッグモーター | 【業界No.1】◆スピード昇進可能 ◆役職手当最大20万円,★平均年収957万円★【車の営業(幹部候補)】※社会人経験者募集 正社員,掲載終了予定日： 2022/03/07
23,UTエイム株式会社 | 【大手の安定基盤】社宅費・引っ越し費・赴任費全て補助エリアも,新生活応援体制充実♪【倉庫内作業スタッフ】※土日休み可能 正社員,掲載終了予定日： 2022/02/21
24,株式会社アイダ設計 | 1都2府21県へエリア拡大中／テレビ・ラジオCMでもお馴染みの企業,注文住宅の【建築設計】※お客様対応に注力可能！完全週休2日 正社員,掲載終了予定日： 2022/02/07
25,日研トータルソーシング株式会社 | WEB面接1回のみで内定可◆面接来社でギフトカード5000円分贈呈！,AI・自動化で話題の業界！【ロボットメンテナンス】◆未経験歓迎 正社員,掲載終了予定日： 2022/02/07
26,大東建託株式会社 | 【東証一部・名証一部上場】◎入社支度金30万円支給！,自分の個性や経験が活かせる【提案営業】安定と成長を手に入れる 正社員,掲載終了予定日： 2022/02/21
27,勅使川原産業株式会社 | 【大手と取引】中・長距離ドライバーの平均月収35万円～45万円,【ドライバー】★希望のスタイルで活躍 ★未経験者募集/年齢不問 正社員,掲載終了予定日： 2022/03/21
28,アート引越センター株式会社 | 【コロナ禍でも安定経営】★高収入を実現可！20～30代社員活躍中,普通免許があればOK！【引越しドライバー】※平均月収30～35万円 正社員,掲載終了予定日： 2022/02/21
29,株式会社サニックス | ◆東証一部上場企業 ◆初任地は希望勤務地を確約／年間休日115日,【営業】平均年収は800万円★45歳以下の方は面接確約します！ 正社員,掲載終了予定日： 2022/03/07
30,株式会社ソヴリックコーポレーション | ＃大阪府緊急雇用対策に賛同＃未経験大歓迎＃学歴不問＃完休2日,★未経験大歓迎★【コンサルティング営業】月給30万＋賞与年4回 正社員,掲載終了予定日： 2022/03/21
31,株式会社インビクタス | 「新たな自分」と出会える場所がここにある。,【営業コンサルタント】未経験OK／月給30万円以上／高インセン！ 正社員,掲載終了予定日： 2022/03/21
32,UTエイム株式会社 | 【東証1部上場グループ】何十年先も、重宝される人材へ！,ゼロからスキルUP!【ロボットエンジニア】未経験歓迎/面接1回 正社員,掲載終了予定日： 2022/02/21
33,日研トータルソーシング株式会社 | ◆WEB面接1回のみで内定も可能◆年休最大160日◆残業ほぼなし,もくもくと自分らしく働ける仕事！【在庫管理・検査スタッフ】 正社員,掲載終了予定日： 2022/02/07
34,株式会社BUDDY | ★マイナビ初掲載★残業ほぼなし/土日祝休/メリハリ重視で働ける,【企画営業】*多角的な事業展開をするベンチャー *未経験歓迎 正社員,掲載終了予定日： 2022/03/07
35,UTエイム株式会社 | 【東証一部上場グループ】大手グループの安定基盤,年間180万円の貯金も夢じゃない！【品質保証】★未経験歓迎 正社員,掲載終了予定日： 2022/02/07
36,株式会社ディープコム | ★ホワイト企業認定 ★年休127日 ★残業月10H程度 ★土日祝休み,前給保証【エンジニア】★自社開発あり ★在宅可 ★年収UP率150% 正社員,掲載終了予定日： 2022/03/07
37,コスモエコロジー株式会社 | 【 完全週休2日制 ／ 残業ほぼナシ ／ 有給消化率ほぼ100％】,未経験入社約8割！2年目で年収550万円の先輩も◎【PRスタッフ】 正社員,掲載終了予定日： 2022/02/07
38,株式会社ダイオーズジャパン | 【東証1部上場グループ】★年間休日120日以上★残業ほぼなし,オフィスを充実させる各種サービスの【提案営業】営業経験者歓迎 正社員,掲載終了予定日： 2022/03/17
39,Nadia株式会社 | 月間2000万ユーザーが利用するレシピサイト／年間休日124日,【企画営業】★平均年齢29歳 ★勤務時間は自由に選択OK！ 正社員,掲載終了予定日： 2022/03/03
40,UTエイム株式会社 | 【東証一部上場グループ】★安定基盤,シンプルワーク中心【軽作業スタッフ(梱包・検品等)】未経験OK！ 正社員,掲載終了予定日： 2022/02/03
41,東京セキスイファミエス株式会社 | 《セキスイハイムグループ》1/16(日)マイナビ転職フェア東京出展,未経験歓迎！【リフォームコーディネーター】◎完全週休二日制 正社員,掲載終了予定日： 2022/02/17
42,株式会社エー・エス・エル | 《東証一部上場企業グループ》コロナ禍でも過去最高益レベル！,【ITエンジニア（開発／インフラ）】◎テレワーク率85%以上 正社員,掲載終了予定日： 2022/03/17
43,株式会社ワールドコーポレーション | 【Nareru Group】設立以来、右肩上がりに成長中！賞与年2回,【プロジェクトサポート】※首都圏限定※未経験歓迎・男性活躍中 正社員,掲載終了予定日： 2022/02/17
44,株式会社Ｌｉｆｅ．ｉｎｄｕｓｔｒｙ | 案件増加中で安定性抜群／賞与100万円を手にしている先輩も！,未経験でも月給26万円以上！【取付スタッフ】★千葉積極採用中！ 正社員,掲載終了予定日： 2022/03/17
45,株式会社アシスト | 【「コープさん」として活躍！】★心も体もポッカポカなお仕事♪,＼在宅時間でなまった体を改善♪／【生協のルート宅配スタッフ】 正社員,掲載終了予定日： 2022/02/24
46,株式会社エムテック | ＼大手直・長期案件多数／◆高収入 ◆残業月15h ◆完全土日休,前給保証！在宅ワーク実施中★【ITエンジニア】◎未経験OK！ 正社員,掲載終了予定日： 2022/02/17
47,株式会社アイエスエフネット | ★在宅勤務OK★受賞歴45個★平均残業7.8h★インセンMAX60％,(入社時)年収750万円⇒864万円にUP実績有【ITコンサルタント】 正社員,掲載終了予定日： 2022/02/17
48,株式会社そら | 『Dr.stretch』／業績好調／年4回昇給・成長できる環境が魅力！,"【ストレッチトレーナー】専門知識・経験がない方も ""大歓迎！"" 正社員",掲載終了予定日： 2022/03/17
49,UTエイム株式会社 | 【東証1部上場グループの安定基盤】条件重視の方はぜひ！,月収42万円以上も可能【検品検査スタッフ】未経験歓迎！転勤なし 正社員,掲載終了予定日： 2022/02/03
50,株式会社PGSホーム | 未経験者歓迎｜月給40万円～(2カ月間)｜入社祝金最大138万円支給,【アポインター営業】リサーチャー(市場調査)★残業ほぼなし 正社員,掲載終了予定日： 2022/02/17
51,株式会社ハウスコミュニケーション | 関西トップクラスの店舗数★先輩が愛用する腕時計→400万円,関西マーケットを拡大！【不動産営業】★先輩の最高月収480万円 正社員,掲載終了予定日： 2022/02/17
52,小金井不動産株式会社 | LIXIL不動産ショップTOPクラス＜1年以内の離職はほとんどなし＞,反響型の【売買営業】栃木で長く働ける！　※社員定着率83％ 正社員,掲載終了予定日： 2022/02/24
53,株式会社アイエスエフネット | ★在宅勤務OK★受賞歴45個★平均残業7.8h★インセンMAX60％,微経験(入社時)から年276万円UP実績有【ITエンジニア】高卒以上 正社員,掲載終了予定日： 2022/02/17
54,DSP株式会社 | 【完全週休2日】【年間休日115日～120日】【産休育休実績あり】,未経験歓迎！WEB集客の【プランナー】★土日祝休★残業ほぼなし 正社員,掲載終了予定日： 2022/03/03
55,"サングローブ株式会社 | ★創業8期目で20,000社と直取引★年休130日/土日祝休み/残業ゼロ",Webマーケティングの【インサイドセールス】未経験で年1000万可 正社員,掲載終了予定日： 2022/02/17
56,"株式会社フレックス | 黒字経営継続中／八尾,東大阪,大東,吹田,奈良の募集／賞与年2回",大阪ガスグループの【ライフアドバイザー】土日祝休＆転勤なし！ 正社員,掲載終了予定日： 2022/02/24
57,株式会社PGSホーム | 入社祝金最大138万円支給｜残業ほぼなし｜転勤＆休日出勤なし,月給40万～(2カ月間)【営業総合職】未経験から高収入が目指せる 正社員,掲載終了予定日： 2022/02/17
58,株式会社PGSホーム | 月給40万円～(2か月間)｜残業ほぼなし｜転勤＆休日出勤なし,未経験OK【＜外壁塗装＞訪問販売員】★入社祝金最大138万支給 正社員,掲載終了予定日： 2022/02/17
59,株式会社ワールドコーポレーション | 【Nareru Group】設立以来、右肩上がりに成長中！賞与年2回,未経験から育てる【空間ディレクター】※各種手当充実／土日祝休 正社員,掲載終了予定日： 2022/02/17
60,株式会社ホットスタッフ博多 | 北九州、行橋、小倉、飯塚、新宮、久留米に拠点を展開！,人材派遣会社の【 営業職 】★経験ゼロでOK！まずはご応募下さい 正社員,掲載終了予定日： 2022/03/17
61,ジブラルタ生命保険株式会社 | 「応募検討中」の方でも参加できる会社セミナーを開催,月給50万円以上【営業】(管理職)◆経験不問 ※47都道府県で募集 正社員,掲載終了予定日： 2022/02/03
62,株式会社修優舘 | あなたの経験と能力を満足のいく給与に変えてみませんか？,2人に1人が年収700万円超【講師・教室運営】※完全週休2日制も可 正社員,掲載終了予定日： 2022/03/03
63,UTエイム株式会社 | 【東証一部上場グループ】★WEB面接OK／今月入社も可能,未経験・第二新卒OK【総合職(組立・検品等)】★月収42万円以上可 正社員,掲載終了予定日： 2022/02/17
64,株式会社アイエスエフネット | ★在宅勤務OK★完全週休2日★平均残業7.8h★インセンMAX60％,月35万～【ITエンジニア】★有給消化81％★受賞歴45個／学歴不問 正社員,掲載終了予定日： 2022/02/17
65,株式会社トップ | 《トップHDグループ》33歳*月給例:月給29.1万円＋インセン＋賞与,3人に1人は年収1000万円！【 提案営業 】*全国募集*経験者募集 正社員,掲載終了予定日： 2022/03/10
66,株式会社スタッフサービス | エンジニアリング事業本部・約650種類の学習講座でスキルアップ,新型ロボット等の【ものづくりサポート】未経験OK/手当充実 正社員,掲載終了予定日： 2022/02/03
67,株式会社レシックス | 【創業30年以上の安定企業/全国へ事業拡大】実働7時間＆残業なし,【不動産営業】女性活躍中★最高年収5850万円！土日休み♪ 正社員,掲載終了予定日： 2022/02/10
68,株式会社EPARKリラク＆エステ | 完全週休2日◆年休124日◆昇給チャンス年12回◆産休育休の実績有,美容サービスの【アドバイザー】☆月給25万円～☆未経験歓迎 正社員,掲載終了予定日： 2022/03/17
69,株式会社ワールドコーポレーション | 【Nareru Group】設立以来、右肩上がりに成長中！賞与年2回,街づくりの【企画補助スタッフ】★未経験歓迎／土日祝休 正社員,掲載終了予定日： 2022/02/17
70,株式会社ビッグモーター | ◎未経験歓迎◎希望エリアで働ける◎資格手当（最大12万円）,1年目で月収42万の実績！年収&家族との時間倍増【自動車整備士】 正社員,掲載終了予定日： 2022/02/17
71,BSCモーゲージバンク株式会社 | ★業界No.1・東証一部上場ARUHIのFC企業として圧倒的シェア！,未経験入社歓迎★快適な暮らしを支える【住まいサポート営業】 正社員,掲載終了予定日： 2022/02/10
72,株式会社KAMING | 年間休日125日/残業月平均7.62H/定着率91.8％/研修充実/副業OK,【ITエンジニア】*前給保証 *還元率80.1％ *フルリモートOK！ 正社員,掲載終了予定日： 2022/03/03
73,株式会社東日本地所 | ★年収1500万円も可能★転勤なし★営業デビュー歓迎★完休2日,笑顔で対応できればOK♪【土地活用プランナー】◆人物重視の採用 正社員,掲載終了予定日： 2022/02/24
74,株式会社 One's Will | ★月収100万円超えの営業が活躍中 ★完全週休2日 ★残業ほぼなし,アニメや映画・ケーブルテレビなどの【反響営業】★履歴書不要 正社員,掲載終了予定日： 2022/03/17
75,東京・日本交通株式会社 | 売上業界No.1グループ｜大阪府緊急雇用対策に賛同,小さなお客さまの安全を守る【キッズドライバー候補】未経験歓迎 正社員,掲載終了予定日： 2022/03/17
76,株式会社メトロス開発 | 大手デベロッパー・大手ゼネコンと業務提携して事業を展開,土地の再開発を提案する【営業】賞与2回／インセン有／年休130日 正社員,掲載終了予定日： 2022/03/03
77,三洋ペイント株式会社 | 年間休日120日以上！残業はほぼなし！先輩の8割が未経験から入社,"外壁塗装の【提案営業】★平均月収42万円※年収1,000万円も可能 正社員",掲載終了予定日： 2022/03/03
78,株式会社杉並モータース | ★残業代100%支給★有休取得率ほぼ100％ ★Web面接OK★日勤勤務,月8～10日休み！【ロードサービス】※平均月収45万円 正社員,掲載終了予定日： 2022/02/03
79,株式会社ネクジット | 年商30億円突破/賞与1回240万円実績あり/月収50万円可/面接1回,月給35万円保証【施工ディレクター】※未経験歓迎／長期休暇あり 正社員,掲載終了予定日： 2022/03/03
80,DSP株式会社 | 入社半年で月収100万円以上の社員多数/大阪府緊急雇用対策に賛同,アニメやスポーツ番組の【反響営業】完全週休2日★学歴不問！ 正社員,掲載終了予定日： 2022/02/17
81,株式会社TERASS | 今の待遇・働き方に満足してますか？実績は評価されていますか？,自由と収入を両立！【不動産売買仲介エージェント】※経験者募集 業務委託,掲載終了予定日： 2022/03/17
82,株式会社貴順 | *都心エリアの平均月収60万円 *スタッフの8割以上が月収55万円超,普通免許だけで応募OK！【軽ドライバー】★東日本エリア限定 業務委託,掲載終了予定日： 2022/03/14
83,日研トータルソーシング株式会社 | WEB面接1回のみで内定可◆面接来社でギフトカード5000円分贈呈！,【ものづくり総合職】★年休最大160日＆残業少なめ★ 正社員,掲載終了予定日： 2022/02/21
84,株式会社ロジカル | ★手当充実 ★時間ごとの有給取得も可 ★転勤なし ★未経験歓迎,働きやすさも魅力！パルシステム（生協）の【ルートサービス】 正社員,掲載終了予定日： 2022/03/14
85,東京エムケイ株式会社 | ハイヤー月収実績119.8万円※2021年8月度支給実績/男性育休実績,年収1000万円も可能！【高級車ハイヤーのドライバー】※高卒以上 正社員,掲載終了予定日： 2022/02/28
86,日研トータルソーシング株式会社 | ◆40代・50代多数活躍中◆年休最大160日◆残業ほぼなし,面接1回★【アシスタントスタッフ(製造工程の管理・フォロー)】 正社員,掲載終了予定日： 2022/02/14
87,東京エムケイ株式会社 | 年収1000万円も夢ではありません★男性の育休/時短勤務実績あり,年収1000万円も可能！【高級車ハイヤーのドライバー】※学歴不問 正社員,掲載終了予定日： 2022/02/28
88,株式会社ファーストステージ | 東証TOKYO PRO Market上場企業/予算達成後、1ヶ月休んだ先輩も！,【提案営業】未経験スタートから、年収1000万円超の先輩多数！ 正社員,掲載終了予定日： 2022/03/14
89,"株式会社山王 | 「未経験から年収1,000万円可？！」⇒ 当社では”ふつう”かも！",シッカリ稼げる、長く働ける、魅力の職場環境♪【営業スタッフ】 正社員,掲載終了予定日： 2022/02/28
90,株式会社リンクスタッフグループ | 【安定】コロナ禍でも昨年比150％成長中！1都3県で事業拡大中★,【人材コーディネーター】未経験から入社1年で月収50万円も可★ 正社員,掲載終了予定日： 2022/03/14
91,株式会社りのぶる | 年休120日／有給取得率85%／残業月平均20時間以下／サポート充実,【提案営業】成約率70%！未経験、第二新卒OK！20～30代活躍中！ 正社員,掲載終了予定日： 2022/03/14
92,"日研トータルソーシング株式会社 | ≪1年目から年収500万円以上≫半年ごとに5,000円昇給あり★",自動車部品の【組立・加工スタッフ】最大60万円の高額入社特典！ 正社員,掲載終了予定日： 2022/02/21
93,日研トータルソーシング株式会社 | ◆年休最大160日◆残業ほぼなし◆未経験大歓迎！,"面接1回★簡単な【製造・倉庫作業】★選べる勤務地全国7,000件！ 正社員",掲載終了予定日： 2022/02/14
94,クレストジャパン株式会社 | ★経験者採用★年収1000万以上目指す人、必見の求人です！,"""稼ぎたい""その想いに高歩合率で応えます【不動産仲介・仕入れ】 正社員",掲載終了予定日： 2022/03/14
95,株式会社アール・エム | 大阪府緊急雇用対策に賛同/2021年度営業職の最高月収165万円,【WEBの提案営業】★早期成長が叶う！新卒入社4ヶ月月収例83万円 正社員,掲載終了予定日： 2022/02/14
96,株式会社ロジカル | ★手当充実 ★時間ごとの有給取得も可 ★転勤なし ★未経験歓迎,"暮らしを支える""パルシステム""の【ルート営業】★月給27.5万円～ 正社員",掲載終了予定日： 2022/03/14
97,株式会社VRST | 独立支援制度あり！英語教育・プログラミング(Java/AWS)研修実施,【ITエンジニア】★グローバル人材に育成します！★副業OK 正社員,掲載終了予定日： 2022/03/14
98,UTエイム株式会社 | 【東証一部上場グループ】★オンライン面接実施中→2月入社可！,未経験歓迎【物流管理事務スタッフ】ワークライフバランス良好◎ 正社員,掲載終了予定日： 2022/02/14
99,朝日ソーラー株式会社 | 完全週休2日制を導入 | テレビCMも展開し知名度抜群！,"【 営業 】▼「年収1,000万円以上」も十分に目指せます！ 正社員",掲載終了予定日： 2022/02/28
100,株式会社要 | ＜ゲームやアプリ開発、インフラ構築など案件豊富＞※経験者歓迎,【ITエンジニア(開発/インフラ)】★昇給年2回★有給即付与 正社員,掲載終了予定日： 2022/02/28
101,株式会社クラシアン | 景気に左右されない安定企業★毎年依頼件数が増加中！,「残業代100%＆歩合給＆手当あり」【営業スタッフ】★全国募集 正社員,掲載終了予定日： 2022/02/24
102,株式会社TCG | 【前職給与保証！働く時間は12～18時の6時間！】土日休み選択可,【営業】1/3の社員が社長より給与も休みも多い！平均年収834万円 正社員,掲載終了予定日： 2022/02/24
103,日研トータルソーシング株式会社 | ◆WEB面接1回のみで内定も可能◆年休最大160日◆残業ほぼなし,好きな街で働ける！【軽作業スタッフ】定着率95％☆全国募集 正社員,掲載終了予定日： 2022/02/10
104,"日研トータルソーシング株式会社 | ≪1年目で年収500万以上目指せる≫半年ごと5,000円の昇給あり★",入社特典60万円&寮無料★トヨタ車の【製造サポート】※全国募集 正社員,掲載終了予定日： 2022/02/10
105,日本管理センター株式会社 | 東証1部上場／19期連続で増収／1300社超の提携パートナー,【コンサルティング営業】★紹介案件が中心！※業界経験一切不問 正社員,掲載終了予定日： 2022/03/10
106,明治安田生命保険相互会社 | 産休育休取得実績多数★収入UPも可★残業少なめ★女性活躍中,【MYライフプランアドバイザー】東日本/中部/近畿/中四国募集 正社員,掲載終了予定日： 2022/02/17
107,株式会社東京日商エステム | コアメンバー募集/収入UPの実績多数/自社ブランド物件を提案,自社ブランドマンションの【住宅販売営業】★20代～30代活躍中 正社員,掲載終了予定日： 2022/02/24
108,明治安田生命保険相互会社 | 産休育休取得実績多数★収入UPも可★残業少なめ★女性活躍中,【MYライフプランアドバイザー】首都圏/名古屋/大阪/九州募集 正社員,掲載終了予定日： 2022/02/17
109,"洛陽交運株式会社 | ヤサカグループ／月額17,000円～即入寮できる社宅あり！",京都での新スタートを応援【タクシードライバー】年休120日以上 正社員,掲載終了予定日： 2022/03/10
110,UTエイム株式会社 | 【超スピード選考】最短当日面談＆当日採用(規定有)！,【サポートスタッフ(データ管理等)】未経験歓迎※月収42万円も可 正社員,掲載終了予定日： 2022/02/10
111,ネットシステム株式会社 | ★20～30代の男女が活躍中♪ 特別手当で1回60万円支給実績も！,商社で働く【営業スタッフ】★年休126日／未経験から稼げる求人 正社員,掲載終了予定日： 2022/03/10
112,株式会社ネクステージ | 東証1部上場｜営業利益前年比200%UP｜転居を伴う転勤無しも可能,100％来店型の【 販売・営業 】※転勤無し・最高月収150万3310円 正社員,掲載終了予定日： 2022/02/10
113,株式会社クラシアン | 【景気に左右されない安定企業】★残業代100%＆歩合給＆手当あり,未経験歓迎！お客様に寄り添える【営業スタッフ】★首都圏募集 正社員,掲載終了予定日： 2022/02/24
114,株式会社Style | ■希望勤務地への配属を確約■残業ほぼナシ＆土日休＆大型連休◎,【施工管理アシスタント】★年間休日125日以上／平均月収38万円 正社員,掲載終了予定日： 2022/03/14
115,株式会社翔陽 | 【《横浜・福岡》限定採用】注目のリユース事業で安定性抜群！,経験は関係ない！1年目:月収70万円の実績も★【営業・バイヤー】 正社員,掲載終了予定日： 2022/03/14
116,株式会社エフティグループ | ★東証JASDAQ上場総合商社・安定性抜群★年休120日★WEB面接1回,【ソリューション営業】★年功序列なし！月給50万円スタート可！ 正社員,掲載終了予定日： 2022/03/14
117,東京エムケイ株式会社 | 年収1000万円も夢ではありません！/男性育休実績あり,【グランドパイロット】※高卒以上 ★タクシー月収実績81.3万円 正社員,掲載終了予定日： 2022/02/28
118,住友不動産株式会社 | 【東証一部上場】★転勤なし★東京の平均年収817万円,営業経験者募集！【注文住宅営業】3割が年収800万円以上 正社員,掲載終了予定日： 2022/02/14
119,JTA株式会社 | 【20代で年収1000万円超えの社員続出中！】◆土日休み◆,本気で年収1000万円を目指す方へ【営業】高率インセン＋随時昇給 正社員,掲載終了予定日： 2022/02/28
120,株式会社JSG | #賞与年3回 #年休120日以上 #完全週休2日制 #駅チカなオフィス,＼20代が中心に活躍中!!／【営業】*理想の働き方を実現しよう！ 正社員,掲載終了予定日： 2022/03/10
121,株式会社神美 | 女性専門のセルライトケア『THE PERFECT LINE』を全国に展開！,【エステティシャン】*女性活躍中*完全週休2日*年休120日 正社員,掲載終了予定日： 2022/03/10
122,大和総合住設株式会社 | 賞与年4回支給！正当な評価制度アリ★月収200万円も目指せます,完全週休2日制(日・月)&ゆっくり13時出社♪【提案営業】福岡勤務 正社員,掲載終了予定日： 2022/03/10
123,アップライブステージ株式会社 | テレワークの普及に伴い売上も2倍◎実績給で最高70万円支給有,【ライブ配信コーディネーター】★タレント発掘＆育成★高卒以上 正社員,掲載終了予定日： 2022/02/24
124,株式会社テクトン | 「未経験で心配・・・」そんなあなたを応援する会社,★接客・販売職からの未経験入社多数★Excel研修あり【事務職】 正社員,掲載終了予定日： 2022/03/10
125,イッセイコンサルタント株式会社 | 国土交通省のパートナー企業◆平均年収600～700万／完全週休2日,未経験OK★内勤で建設に携われる?!【 発注者支援業務スタッフ 】 正社員,掲載終了予定日： 2022/02/24
126,株式会社真心 | 全国240店舗！ラーメン来来亭を展開｜正社員＆充実の福利厚生,未経験でも月給28万円～【 幹部候補 】店長は月給50万以上も可！ 正社員,掲載終了予定日： 2022/02/24
127,株式会社あきんどスシロー | ★東証一部上場グループ★店長の平均年収約719万円＆賞与年2回,平均年齢29.9歳！スシローの【店舗運営総合職】★年休120日以上 正社員,掲載終了予定日： 2022/02/24
128,松正工機株式会社 | 多彩な産業の大手企業と直取引＆創業以来、黒字経営を継続中！,私たちの生活を支えるプラントの【施工管理スタッフ】※土日休み 正社員,掲載終了予定日： 2022/03/07
129,有限会社興和土建 | ★経験者： 月給35万～50万円 ★多摩エリアに密着◎ ★年休115日,【公共工事の施工管理】経験者優遇／残業少なめ ／土日祝休み 正社員,掲載終了予定日： 2022/03/07
130,株式会社東黎トラスト | 大阪府緊急雇用対策に賛同／完全週休2日制／年間休日休暇120日,キャリアUP、独立等成長をバックアップ！投資用不動産の【営業】 正社員,掲載終了予定日： 2022/02/21
131,マルデナポリジャパン株式会社 | 100店舗チャレンジ始動★新ポストもあり未経験者もチャンス十分,未経験OK★選べる働き方★有名イタリアンの【店長・SV候補】 正社員,掲載終了予定日： 2022/02/21
132,株式会社アミ―クス | 『トータルリペア』オーナー募集,リペア職人として1人で独立！トータルリペアの【FCオーナー】 FCオーナー,掲載終了予定日： 2022/02/07
133,株式会社一条工務店 | 業界No.1の受注販売棟数を持つハウスメーカー！最高受注数更新中,完全反響型！住宅展示場での【営業・販売】*未経験歓迎*全国募集 正社員,掲載終了予定日： 2022/02/21
134,サンリスト株式会社 | 【福岡・大阪募集】年収800万円可／安定業界で1年目から厚待遇,「長く働けて、待遇UPできる」職場を選びませんか？【提案営業】 正社員,掲載終了予定日： 2022/03/03
135,UTエイム株式会社 | 【東証一部上場グループ】フリーターもOK！大切なのはこれから♪,月収42万円以上可能！【清掃・洗浄スタッフ】学歴一切不問☆ 正社員,掲載終了予定日： 2022/01/31
136,UTエイム株式会社 | 【東証一部上場グループ】★WEB面接OK,コツコツ働ける♪【箱詰め・梱包スタッフ】未経験歓迎 正社員,掲載終了予定日： 2022/01/31
137,"東建コーポレーション株式会社 | 上場企業で""待遇も働き方""も満足しませんか？",今がチャンス＊若手育成採用【営業】全国募集/未経験OK/30歳まで 正社員,掲載終了予定日： 2022/01/31
138,東建コーポレーション株式会社 | WEB面接実施！『 年齢に関係なく、まだまだやれる会社です！』,40～50代で転職の先輩、活躍中【営業】全国/未経験歓迎/年齢不問 正社員,掲載終了予定日： 2022/01/31
139,株式会社砂建 | 【月給24万円以上！完全週休2日制（土日）の働き方も選べます】,【総合職(メンテナンス/組立)】残業月10h/年休120日OK/月給24万~ 正社員,掲載終了予定日： 2022/02/14
140,株式会社rapid | 【大手通信キャリアと取引】★年収例：年収868万円／経験4年,未経験歓迎！【プロモーションスタッフ】★完全週休3日も可能 正社員,掲載終了予定日： 2022/02/28
141,UTコンストラクション株式会社 | 東証一部上場グループ★大手グループの安定基盤★土日祝休み,☆未経験歓迎☆【総合職(管理・資料作成等)】★残業月平均17時間 正社員,掲載終了予定日： 2022/01/31
142,株式会社タスカ | 大変だって、キツくったって―。稼げて、自由ならいいじゃない！,これからは、人より短い時間で、稼ぐ生活を！【提案営業】 正社員,掲載終了予定日： 2022/01/31
143,UTコンストラクション株式会社 | <東証一部上場グループ>家電家具付き社宅＋6割補助＋引越費支給,【点検・保守】未経験歓迎☆日勤/基本土日休み/平均月収29万円 正社員,掲載終了予定日： 2022/01/31
144,ReSein株式会社 | 年齢や性別に関係ない評価！インセンティブで月給80万も可能！,☆未経験でも安心の充実した研修制度☆【人材コーディネーター】 正社員,掲載終了予定日： 2022/02/28
145,株式会社トップファースト | 設立2年目！1ヶ月間の有給休暇もあり！◎学歴・職歴不問,"【営業スタッフ】ポテンシャル採用/初年度年収1,000万円以上可！ 正社員",掲載終了予定日： 2022/02/28
146,関西総合システム株式会社 | 年間休日126日！福利厚生が充実！ワークライフバランスも抜群,自社パッケージソフトの【提案営業】★土日祝休み★残業月10H 正社員,掲載終了予定日： 2022/02/07
147,株式会社タカラレーベン東北 | ≪東北エリア供給戸数ランキング第1位≫タカラレーベングループ,＼未経験歓迎・業界大手／【営業】◎完全週休2日／年休120日以上 正社員,掲載終了予定日： 2022/02/28
148,株式会社T's agency | 6期連続売上UP◆6ヵ月の基礎研修あり◆インセンあり◆残業月10H,未経験歓迎★【人材コーディネーター】★半年に１度固定給UP★ 正社員,掲載終了予定日： 2022/02/28
149,株式会社ネオ・コーポレーション | 業績好調！21年連続増収増益／全国10拠点での大型積極採用！,営業の65％が年収1000万円超！【電子ブレーカーの提案営業】 正社員,掲載終了予定日： 2022/02/14
150,株式会社日本ワークス | 設立25年！東京23区内マンションの開発・販売・管理を担い成長中,未経験歓迎！自社マンションの【提案営業】年休120日超/土日休み 正社員,掲載終了予定日： 2022/02/07
151,ジブラルタ生命保険株式会社 | 【福岡東支社限定募集】☆転勤なし ☆年間休日120日(土日祝休み),理想のLifestyleで働ける【ライフプランコンサルタント職】 正社員,掲載終了予定日： 2022/02/28
152,Icse株式会社 | 【福岡・熊本採用】■完全週休2日制(土日祝) ■未経験歓迎,【 営業 】頑張りはしっかり還元！※責任者候補の採用もあり！ 正社員,掲載終了予定日： 2022/02/28
153,朝日土地建物株式会社 | 未経験歓迎！★現社員の7人に1人が年収1000万！特別賞与年4回,【不動産営業】自分にできるか不安..全部説明します！※面接保証 正社員,掲載終了予定日： 2022/02/28
154,株式会社インターレイズ | ◆早期キャリアアップ可能／未経験OK／学歴不問／インセン有り,未経験歓迎！就職したい脱毛サロンNo.1【エステティシャン】 正社員,掲載終了予定日： 2022/02/24
155,株式会社メイテック | 東証一部上場／自動運転・EV・航空宇宙などの最先端・先行開発等,【設計エンジニア(機械/電気)】30歳平均年収605万円/定着率約95% 正社員,掲載終了予定日： 2022/01/27
156,悠悠ホーム株式会社 | ◎完全週休2日制 ◎充実の手当は10種類 ◎業界・業種未経験OK,【住宅アドバイザー】高い知名度&地場No.1の安定企業 正社員,掲載終了予定日： 2022/01/27
157,株式会社千葉東建設 | 未経験でも月給25万円～＋歩合給＋賞与年2回＋各種手当,100％反響型・ノルマなし【ハウジングアドバイザー】完全週休2日 正社員,掲載終了予定日： 2022/02/24
158,黒柳建設株式会社 | ◎面接交通費全額支給　◎賞与 平均6.8か月分　◎WEB面接可能,受注工事の93％が西三河【施工管理(土木・建築)】長距離通勤ナシ 正社員,掲載終了予定日： 2022/02/24
159,インターギアソリューション株式会社 | 『固定報酬』×『制作本数』で制作担当の年収実績1500万円以上,"【求人広告制作ディレクター】No,1の採用効果を目指せる制作担当 業務委託",掲載終了予定日： 2022/01/27
160,株式会社ライズイノベーター | 完全週休2日/土日祝休/面接1回(WEB可)/教育補助金年間20万円,"前職より必ず""増給""します【ITエンジニア】年休134日/月給30万～ 正社員",掲載終了予定日： 2022/01/27
161,日本交通株式会社 | ★新木場営業所限定募集★入社祝い金20万円／充実の研修で安心,未経験OK！【タクシードライバー】★賞与年3回★土日休みも可能 正社員,掲載終了予定日： 2022/02/24
162,株式会社ゼンワシーケンス | ★令和2年設立のエコベンチャー企業！業界屈指の成長率を実現！,【アポイントスタッフ】『＃休める ＃稼げる ＃楽しめる』 正社員,掲載終了予定日： 2022/02/24
163,住友不動産販売株式会社 | 【東証一部上場住友不動産グループ】,【不動産売買仲介営業】◇営業職の半数以上が年収800万円超 正社員,掲載終了予定日： 2022/01/27
164,株式会社ミライエ | センチュリー21加盟企業／各長期休暇完備／充実の研修をご用意◎,不動産売買の【営業】★月給50万円以上／未経験歓迎／賞与年2回 正社員,掲載終了予定日： 2022/02/10
165,大同生命保険株式会社 | ★業界経験一切不問 ★有給取得実績多数 ★転勤なし ★土日休み,基本17時退社★平均月給42.9万円【法人営業】※社会人経験者限定 正社員,掲載終了予定日： 2022/01/27
166,株式会社松江電気商会 | 未経験歓迎！2022年2月11日（土）福井転職イベント出展決定！！,設立以来、連続決算賞与支給！【電気工事士】 正社員,掲載終了予定日： 2022/03/10
167,株式会社レーベン | 4半期目標達成でインセンティブ50万円|宅地建物取引士保有者優遇,【賃貸管理営業】※月給35万円以上　※完全週休2日（土日祝） 正社員,掲載終了予定日： 2022/01/27
168,インターギアソリューション株式会社 | ★電話で稼ぐ！固定報酬＋高額インセンティブ★当月払い可能,【求人広告電話営業】★未経験から平均月収55万円＜全国採用＞ 業務委託,掲載終了予定日： 2022/01/27
169,株式会社エムズクリエイティブシステム | #年間休日125日 #完休2日（土日祝休み）#残業月平均15時間程度,前職給与を保証！【ITエンジニア】定着率98％！その理由は…？ 正社員,掲載終了予定日： 2022/02/10
170,HITOWAライフパートナー株式会社 | 全国募集★自宅開業OK★転勤なし◎未経験歓迎！学歴・スキル不問,書類選考なし！休日取得は自由／手に職が付く仕事【FCオーナー】 FCオーナー,掲載終了予定日： 2022/01/27
171,株式会社131 | (イチサンイチ)　★収入、働き方、仕事内容…理想を叶える転職に,あなたの本音に寄り添います【施工管理(土木/建築/設備/電気)】 正社員,掲載終了予定日： 2022/02/24
172,クリーンデバイス・テクノロジー株式会社,カーエアコンクリーニング「空気の洗車屋さん」【FCオーナー】 FCオーナー,掲載終了予定日： 2022/01/27
173,株式会社アーキ・ジャパン | 平均月収53万円(施工管理・技術職)【大阪府緊急雇用対策に賛同】,【施工管理】初年度想定年収600～800万円／47都道府県採用 正社員,掲載終了予定日： 2022/01/27
174,株式会社RISE | コロナでも安定成長☆成長業界で課題解決営業に挑戦！土日祝休◎,未経験歓迎【法人営業】年休125日以上/定着率95%/平均月収40万円 正社員,掲載終了予定日： 2022/02/07
175,株式会社オートモール | 【 ICDAグループ 】★三重県で中古車販売台数7年連続NO.1！(※),三重県本社の上場企業グループ！【 中古車の営業 】★未経験歓迎 正社員,掲載終了予定日： 2022/03/21
176,株式会社FGGコーポレーション | 個人ノルマなし*効率重視の社風*移転したてのNYカフェ風オフィス,【不動産営業】基本給最大40万以上★残業20h以内/完全週休2日制 正社員,掲載終了予定日： 2022/02/21
177,株式会社ジーアフター | 輸入車・国産車の買取、販売◇売上前年比130%成長で不況知らず！,車販売の【営業・店舗運営】未経験者も月給30万以上でスタート！ 正社員,掲載終了予定日： 2022/02/21
178,株式会社ワークナビ | [創業以来売り上げ増加中]■2021年ベストベンチャー100に選出！,"『楽しく稼げる会社』""NO.１""を目指す！【法人ルート営業】 正社員",掲載終了予定日： 2022/02/21
179,株式会社ビッグモーター | 業界No.1◆月8～10日休み◆学齢・経験・年齢不問！,未経験から始める【営業職】★平均年収957万円 ※運転免許必須 正社員,掲載終了予定日： 2022/02/07
180,株式会社エージェントゲート | 化粧品メーカー等と取引/産育休取得＆復帰100％/残業基本なし,シフト制・夜勤の働き方を変えよう*年休130日【ITヘルプデスク】 正社員,掲載終了予定日： 2022/02/17
181,株式会社ネオキャリア | 第二創業期メンバー募集*成長率130％*平均年齢26歳と勢いあり！,【人材コンサルタント】最短6ヶ月後昇格可能／月給30万以上 正社員,掲載終了予定日： 2022/02/17
182,株式会社あひるコンサルティング | 業界未経験者も活躍できる、残業も少なめで働きやすい環境です,"人気住宅ローン""フラット35""の【 ルート営業 】高収入も目指せる 正社員",掲載終了予定日： 2022/02/03
183,住友不動産株式会社 | 【東証一部上場】★転勤なし ★3割が年収800万以上！,未経験から家づくりのプロに！【注文住宅営業】◆平均年収740万 正社員,掲載終了予定日： 2022/01/27
184,ソフトバンク営業職合同募集 | 【条件満たす方全員、電話面談確約】,35歳以下★ソフトバンクの【法人営業】学歴不問★未経験OK 正社員,掲載終了予定日： 2022/02/03
185,株式会社エンリード不動産 | 前年比400%成長のスタートアップ | ★完全週休2日★年休120日~,未経験・第二新卒歓迎！リノベーションを手掛ける【不動産営業】 正社員,掲載終了予定日： 2022/02/03
186,株式会社エージェントゲート | 大手プライム多数/前職以上の給与最大限保証/リモート勤務有,常時1600件！技術を極めるも上流も、希望実現【SE・PG】 正社員,掲載終了予定日： 2022/02/17
187,ソフトバンク営業職合同募集 | 【条件満たす方全員、電話面談確約】,ソフトバンクの【法人営業】社会人経験必須◎販売/接客経験歓迎 正社員,掲載終了予定日： 2022/02/03
188,Saze株式会社 | 【大阪府緊急雇用対策に賛同】20代で年収600万円超の社員多数！,【エンジニア】売上を社員に還元する会社No.1☆最先端企業 正社員,掲載終了予定日： 2022/02/03
189,株式会社エージェントゲート　 | WOMAN's VALUE AWARD/残業基本なし/リモート勤務も実施中,年休130日！IT未経験OK！安定の手に職をプラス【IT事務】 正社員,掲載終了予定日： 2022/02/17
190,株式会社Robot Consulting | 【総務省にも採択！AI技術を用いた自社サービスを展開】,最新AIシステムで課題解決に貢献する【提案営業】★未経験歓迎 正社員,掲載終了予定日： 2022/01/27
191,匠Lauren株式会社 | ＼＼設立から毎年売上200％UP／／ ★高インセンティブ(月15万~),未経験OK ★ SNS/Webを駆使したPR/集客サービスの【企画営業】 正社員,掲載終了予定日： 2022/03/17
192,株式会社SEC | ★90％以上が入社時に給与UP！★即日内定、超スピード選考可能！,未経験もサポートから始められる【施工管理補助】★人柄採用実施 正社員,掲載終了予定日： 2022/02/17
193,ソフトバンク営業職合同募集 | 【条件満たす方全員、電話面談確約】,ソフトバンクの【法人営業】未経験OK★高卒以上★35歳以下 正社員,掲載終了予定日： 2022/02/03
194,株式会社エクススタッフ | 休みが自由に組める／報奨金年4回／残業ほぼなし／未経験歓迎♪,契約済みの顧客対応のみ【営業】★入社3ヶ月で月収33万円~が95％ 正社員,掲載終了予定日： 2022/02/14
195,株式会社ビッグモーター | ～No.1企業だから活躍できる舞台がある～◆2年目年収2000万実績,やる気さえあれば、成功できる！【販売・買取】※45歳以下募集 正社員,掲載終了予定日： 2022/01/31
196,朝日土地建物株式会社　 | 【横浜支店】★月200万円のインセンティブ可能★完全週休2日制★,100％反響営業！未経験から稼ぎたい方必見☆住宅の【提案営業】 正社員,掲載終了予定日： 2022/02/21
197,株式会社ANYONE | ★前期比150％以上の売上成長／転勤なし／住宅手当あり,【提案営業】平均年収946万・年間休日135日　※2名募集 正社員,掲載終了予定日： 2022/03/14
198,UTコンストラクション株式会社 | 【東証一部上場グループ】★オンライン面接→1月入社も可能！,未経験歓迎【メンテナンススタッフ】★残業月20h以内／土日祝休 正社員,掲載終了予定日： 2022/02/14
199,中部自動車販売株式会社 | ★創業以来黒字・無借金経営 ★10月本社を新自社ビルに移転！,【カーライフアドバイザー】年収1000万円以上可能★完全反響 正社員,掲載終了予定日： 2022/02/24
200,株式会社平和地建 | 人々の暮らしに笑顔を増やす。なくてはならない企業となるために,不動産を通して、驚きと感動を生む。【反響営業】※未経験OK 正社員,掲載終了予定日： 2022/01/27
201,"株式会社テクノプロ・コンストラクション | ■東証一部上場グループ企業で""待遇も働き方""も改善しませんか？",東証一部上場グループ【施工管理】★選べる★稼げる★生涯現役 正社員,掲載終了予定日： 2022/01/27
202,株式会社T-TOP | 中部電力ミライズ株式会社の正規代理店/40歳以下⇒全員面接,※月給25万円～＆完全週休2日制※【営業】名古屋限定採用！ 正社員,掲載終了予定日： 2022/01/27
203,株式会社ガリレオコーポレーション | ☆★週休2日制&年間休日117日で、プライベートも充実★☆,"シッカリ稼ごう！年収1,000万円もめざせる【営業】※年齢不問 正社員",掲載終了予定日： 2022/01/27
204,株式会社コシダカ | 【上場グループ企業】スピード昇格可★土日休みOK★年2回5連休,月30万を目指せる【カラオケ店員(店長候補)】*39歳以下/学歴不問 正社員,掲載終了予定日： 2022/01/27
205,株式会社コシダカ | ★月収例29万4000円！★年休110日以上★東証一部上場グループ,カラオケ好き集合♪【カラオケ店舗社員】※職歴/学歴/年齢不問 正社員,掲載終了予定日： 2022/01/27
206,ネッツトヨタ三重株式会社 | 【トヨタ正規ディーラー】◆三重県で活躍◆段階別研修制度有,未経験歓迎【総合職(営業・整備士)】休みが選べる★年休110日 正社員,掲載終了予定日： 2022/01/27
207,株式会社コシダカ | 【上場グループ企業】土日休みOK★月収29.4万円も目指せる！,社員評価90点越えの働きやすさ！【店舗マネージャー】★高卒以上 正社員,掲載終了予定日： 2022/01/27
208,株式会社コシダカ | 【上場グループ企業】月収例29.4万円★月8~10日休★年2回5連休！,まねきねこの【カラオケ店舗社員(店長候補)】*高卒以上/年齢不問 正社員,掲載終了予定日： 2022/01/27
209,エーアイアールグループ合同募集 | 《首都圏に16店舗展開中》★20～30代若手活躍中★安心の研修体制,未経験歓迎！【ルームアドバイザー】★100％反響営業★1月入社可 正社員,掲載終了予定日： 2022/01/27
210,株式会社シノケングループ | 東証JASDAQ上場｜経験者は所長、未経験者も入社1年で現場監督可,【建築施工管理（RC造）】★未経験歓迎★年間休日120日★ 正社員,掲載終了予定日： 2022/02/10
211,株式会社ネクストアビリティ | ◆建設事業のコアメンバー募集◆平均年収738万円,【施工管理】月給58.3万~★売上の7割を給与に還元★入社祝金15万 正社員,掲載終了予定日： 2022/02/10
212,株式会社VERUS | #全社員平均年収750万円#入社5ヶ月で月収200万円実績あり,スターティングメンバー募集！【不動産コンサルティング営業】 正社員,掲載終了予定日： 2022/02/07
213,株式会社NEXTイノベーション | ～多角的な事業展開で業績好調～ ◆異業種からの転職者が活躍中,平均月収50万円★稼げる！リフォーム工事の【 営業 】※経験不問 正社員,掲載終了予定日： 2022/03/07
214,UTコミュニティ株式会社 | <東証一部上場グループ>年休133日可★社宅費全額補助エリア多数,【サポートスタッフ(PC入力・検品等)】未経験で月収34万円以上可 正社員,掲載終了予定日： 2022/01/31
215,託一株式会社 | ★TVCMも放映中★知名度抜群の総合不動産会社！※完全週休2日制,【 不動産総合職(賃貸営業／店長候補・売買営業・不動産管理) 】 正社員,掲載終了予定日： 2022/02/07
216,株式会社イースマイル | 【TVCM展開中！全国30拠点を展開】大半が前職より収入UPを実現！,★入社1年目で年収500万円が可能！【水のサービススタッフ】 正社員,掲載終了予定日： 2022/02/03
217,株式会社SORI | ◆前職給与考慮でお迎え ◆年収1000万円も目指せる ◆賞与年3回,【総合職(施工管理／重機オペ／ドライバー)】年齢不問◎広島勤務 正社員,掲載終了予定日： 2022/01/27
218,大東建託株式会社 | 【東証一部上場】◆全国募集◆残業代1分単位支給◆Web説明会実施,【営業】20万の入社支度金◆平均年収850万◆経験者募集 正社員,掲載終了予定日： 2022/02/03
219,株式会社建築資料研究社 | 資格系スクール「日建学院」を運営【大阪府緊急雇用対策に賛同】,★全国募集★【ライセンスアドバイザー】＊中途社員平均年齢28歳 正社員,掲載終了予定日： 2022/01/27
220,株式会社PCM | 【最大限利益還元】未経験でも日給月給25万円～★資格取得も支援,《 事業拡大中 》一貫したモノづくりができる【 技術スタッフ 】 正社員,掲載終了予定日： 2022/02/10
221,Finback株式会社 | <大阪府緊急雇用対策に賛同>設立3年目で業績は創業当時の2倍以上,オープニングメンバー！選べる営業スタイル【営業(内勤・外勤)】 正社員,掲載終了予定日： 2022/02/03
222,ドリームフーズ株式会社 | <大阪府緊急雇用対策に賛同>新事業展開で多彩なキャリアが描ける,業界随一の安定成長！スピード昇格が叶う【総合職(店長候補等)】 正社員,掲載終了予定日： 2022/02/03
223,株式会社優誠 | 【ノルマなし&成約率は50％超】2/6(日)転職フェアに参加します！,【営業スタッフ】未経験でも月収40万円の実績／基本土日休み 正社員,掲載終了予定日： 2022/01/31
224,株式会社誠進堂 | 売上は昨年対比170％UP／平均月収50万円＆平均年収700万円！,働きやすさも高収入も手に入る！【施工管理】※完全週休2日制 正社員,掲載終了予定日： 2022/01/31
225,株式会社PENTAGON | 転勤なし／未経験・学歴・社歴関係なく、頑張りは正当に評価◎,売らない【営業】？！アポを取るだけで1回のインセン100万円も可 正社員,掲載終了予定日： 2022/01/31
226,神明株式会社 | 創業68年！高い安定性☆賞与年2回☆有給取得しやすい社風,未経験歓迎【営業】★正社員 ★残業月平均20h以下 ★社員寮あり 正社員,掲載終了予定日： 2022/02/14
227,GMO TECH株式会社 | 【東証マザーズ上場】★土日祝休み★年休121日★有給取得率◎,＼福岡採用／【広告営業】業界大手で「成長」も「収入」も手に！ 正社員,掲載終了予定日： 2022/01/31
228,アプライド マテリアルズ ジャパン株式会社 | ◆売上世界No.1の半導体製造装置メーカー◆平均年収734万円,【保守修理スタッフ】未経験歓迎◆学歴不問◆全国募集 正社員,掲載終了予定日： 2022/01/31
229,有限会社高美電気工事 | 【「住友電設」「きんでん」と直取引】地域密着だから転勤なし,入社時の資格不問【電気工事士】※完全週休2日／平均月収40万円 正社員,掲載終了予定日： 2022/01/31
230,株式会社ジーエヌエス・ジャパン | ★年収1000万円も可能★有休消化率100％★年休130日～★残業なし,未経験◎【ISO審査員】※完全週休2日制(土日)・在宅勤務OK! 正社員,掲載終了予定日： 2022/01/31
231,三和ペイント沖縄株式会社 | ＼条件に合う方は全員面接／残業は月10h程度&1日2時間の休憩アリ,★若手社員活躍中★完全週休2日制で働きやすい！【 提案営業 】 正社員,掲載終了予定日： 2022/01/31
232,光電気工事株式会社 | ◆2019年新社屋完成　◆年収700万も目指せる　◆20～50代活躍中,転職者が多く活躍中！【総合職(施工管理・電気工事・総務)】 正社員,掲載終了予定日： 2022/02/24
233,株式会社バジェットホールディングス | 創業60年を迎える安定成長企業。業界最先端で活躍できます,【総合職 (事務/国内営業)♯未経験OK ♯残業少なめ ♯高収入可能 正社員,掲載終了予定日： 2022/01/27
234,新日本ハウス株式会社 | 転勤ナシ＝好きな街で働けます！吉幾三さんのCMでおなじみの会社,40～50代も活躍中★需要が増加中！リフォームの【提案営業】 正社員,掲載終了予定日： 2022/02/03
235,株式会社テクノスイコー | ◎即入社＆希望勤務地を最大限考慮【大阪府緊急雇用対策に賛同】,【モノづくりエンジニア】★経験を収入に還元★希望案件を最優先 契約社員,掲載終了予定日： 2022/01/27
236,株式会社ネオキャリア | #未経験OK #土日祝休 #年休128日～ #30万円以上＋インセンティブ,第二創業期メンバー募集！圧倒的成長が叶う【自社広告営業】 正社員,掲載終了予定日： 2022/01/27
237,株式会社エスペーロUSER | ★最大3カ月研修★業界屈指の人材育成力★グループ企業多数展開,★未経験大歓迎！★応募者全員と面接します！【ITエンジニア】 正社員,掲載終了予定日： 2022/01/27
238,株式会社アライブ．ｃｏｍ | 入社祝金10万円★年休130日★フルリモート案件あり,"前職より""増給保証""【SE/PG】★独立支援制度★リモートワークOK 正社員",掲載終了予定日： 2022/02/10
239,株式会社HiiizL | 【 2022年1月16日(日) マイナビ転職フェア鹿児島に出展します 】,【イベントPR・営業】政府推奨アワード受賞／完全週休2日制 正社員,掲載終了予定日： 2022/01/27
240,株式会社テクノスイコー | ◎土日祝休み◎残業手当100％支給 <大阪府緊急雇用対策に賛同>,【設計補助(CADオペ)】★設計など広がるキャリア★転勤なし 契約社員,掲載終了予定日： 2022/01/27
241,日本交通株式会社 | 《世界最大規模1800名在籍》面接保証*月給30万円～給与保証あり,【タクシードライバー（デリバリー／介護／観光／キッズなど）】 正社員,掲載終了予定日： 2022/01/27
242,ロイヤルハウジング株式会社 | 【創業47年ロイヤルグループ】昨対比売上150％以上！売上絶好調,高級物件が揃う「東京湾岸・千葉エリア」で活躍【売買仲介営業】 正社員,掲載終了予定日： 2022/01/27
243,大和総合住設株式会社 | ★賞与年4回支給★ 月収200万円以上も目指せます！,完全週休2日制&朝はゆっくり13時出社♪【 提案営業 】※沖縄勤務 正社員,掲載終了予定日： 2022/01/27
244,株式会社牧野ガスセンター | コロナ禍でも経営安定/入社1年目で年収500万円も可能/転勤なし,大阪ガスグループで活躍する【ライフアドバイザー】※賞与年3回 正社員,掲載終了予定日： 2022/01/27
245,株式会社リプロ | 業績拡大につき増員募集！◇完全週休2日／年間休日120日,【営業】100%反響営業！だから提案しやすい◇チームで目標達成 正社員,掲載終了予定日： 2022/02/07
246,株式会社エストゥルース | 【当社の実話】土日祝休み/残業ゼロ/未経験入社でも年収1200万円,【営業スタッフ】＼育成枠採用／⇒チームであなたを育てます(1) 正社員,掲載終了予定日： 2022/02/21
247,アイアール株式会社 | ★完全週休2日制（土日祝） ★年間休日125日 ★超充実の福利厚生,休める！稼げる！楽しめる♪【施工管理アシスタント】★未経験OK 正社員,掲載終了予定日： 2022/02/03
248,アートバンライン株式会社 | 大手企業と多数取引で業績好調★月8～9日休み★土日休みも可,【中型(4t)トラックドライバー】面接1回★転勤なし！安定性◎ 正社員,掲載終了予定日： 2022/02/10
249,アートバンライン株式会社 | 大手企業と多数取引で業績好調★月8～9日休み土日休みも可,【小型(2t)トラックドライバー】★面接1回★高定着率★[未]歓迎 正社員,掲載終了予定日： 2022/02/10
250,アートバンライン株式会社 | 大手企業と多数取引で業績好調★売上295億円を誇る安定企業,【大型(10t)ドライバー】★面接1回★無理のない配車調整で負担少 正社員,掲載終了予定日： 2022/02/10
251,株式会社Reazista | リリース2年で加盟店舗7万店以上！急成長企業の直販メンバー募集,フードデリバリー＆テイクアウトアプリ『menu』の【提案営業】 契約社員,掲載終了予定日： 2022/02/03
252,泉北ホーム株式会社 | コロナ禍でも業績好調&過去最高実績！入社3ヶ月は月給30～35万円,"『年収1,000万円』も実現可能な【営業スタッフ】※100％反響営業 正社員",掲載終了予定日： 2022/01/31
253,株式会社日本セレモニー | コロナ禍でも黒字経営★典礼会館やFIVESTAR WEDDINGを運営！,【セレモニープランナー】働きやすい環境＆充実の研修をご用意！ 正社員,掲載終了予定日： 2022/02/24
254,新エネルギー計画株式会社 | ◆20～50代が活躍中◆残業ほぼゼロ ◆完全週休2日制 ◆実働7H,未経験OK！売らない【営業】コツコツ頑張れば、月収80万円も可能 正社員,掲載終了予定日： 2022/02/10
255,株式会社 ADAMASエンタープライズ | ＼＼ 月収100万円以上も可能！ ／／ ★年間休日110日以上,お客様に感謝される【サービススタッフ】★定期点検で高収入！ 正社員,掲載終了予定日： 2022/02/10
256,アプライド マテリアルズ ジャパン株式会社 | ◆売上世界No.1の半導体製造装置メーカー◆平均年収734万円,【エンジニア・技術職】未経験歓迎◆高卒以上◆全国募集 正社員,掲載終了予定日： 2022/01/31
257,株式会社吉安建設 | ＜大正5年創業＞熊本・菊池の総合建設会社／転勤なしで働ける,【施工管理(土木/建築)】★昇給年2回 ★賞与年3回 ★月給28万円~ 正社員,掲載終了予定日： 2022/01/27
258,ポラス株式会社 | 14年連続住宅販売No.1！知名度バツグン！地域に根差した安定企業,頑張り次第で高収入OK！豊かな生活を提案する【営業系総合職】 正社員,掲載終了予定日： 2022/01/27
259,株式会社窪治組 | ★転勤なし★社員寮完備★残業ほぼなし★実働7.5h★各種手当充実,【総合職(技術者/ドライバー/資材の搬入等)】★未経験者歓迎 正社員,掲載終了予定日： 2022/01/27
260,株式会社来来亭 | 好きな場所で年収1000万円超の店長へ｜20～30代活躍中,【店長候補】前職より給与UPした先輩多数／”無料”の寮完備 正社員,掲載終了予定日： 2022/02/24
261,株式会社ディードライブ | インセンティブあり／決算賞与あり／大阪府緊急雇用対策に賛同,5年で大企業を創る【提案営業】未経験OK/月給25万円～/社宅完備 正社員,掲載終了予定日： 2022/01/27
262,株式会社アイム・ユニバース | 東京ヤクルトスワローズ公式スポンサー/借上社宅有/年休120日超,★沖縄支社募集【営業スタッフ(仕入れ・住宅営業)】※若手活躍中 正社員,掲載終了予定日： 2022/01/27
263,株式会社ウイルテック | 〈自動車関連の製造スタッフ募集〉★毎週土日休み/残業も少なめ,★新生活応援金5万円+月給26万円以上【製造】年間休日121日★ 正社員,掲載終了予定日： 2022/02/07
264,株式会社WILL | 「MOODYZ(ムーディーズ)」「S1(エスワン)」などを手がける企業！,アダルト作品をプロデュース！【プロデューサー】★未経験大歓迎 正社員,掲載終了予定日： 2022/02/07
265,株式会社御剣商事 | ★★関西 積極採用中★★嬉しい福利厚生：理美容補助金など,＼20代の若手活躍中／【キャリアアドバイザー】☆完全週休2日制 正社員,掲載終了予定日： 2022/02/21
266,株式会社早稲田アカデミー | 《東証一部上場》個別部門拡大につき経験者積極採用,本気で向き合い、合格を目指す【講師】☆塾講師経験者募集 正社員,掲載終了予定日： 2022/02/17
267,株式会社ビルドイット | 設計からの請負い案件100％で高収入可 ★残業全社平均月10h以下,★前給保証★前職年収2割増しを保証【ITエンジニア】年休128日 正社員,掲載終了予定日： 2022/01/31
268,アプライド マテリアルズ ジャパン株式会社 | 土日祝休み◆大卒月給34万円以上◆平均年収734万円,富山で働く！【カスタマーエンジニア】学歴不問◆年休123日 正社員,掲載終了予定日： 2022/01/31
269,株式会社ＺＵＮＤ | ★姫路から世界へ！宇宙一のラーメン屋を目指すための増員募集★,『ラー麺ずんどう屋』のスープや麺をつくる【製造スタッフ】 正社員,掲載終了予定日： 2022/03/28
270,株式会社リクルート北関東マーケティング | （RKM）【リクルートグループ】　★20～30代活躍中★,「ホットペッパー」の【企画営業】 ★未経験者OK/年休145日 正社員,掲載終了予定日： 2022/02/28
271,株式会社AOA | 【大阪府緊急雇用対策に賛同】平均年齢27歳◎2部も同時募集★,踏み出せ！よじ登ろう！高収入への道★稼げる【広告プランナー】 正社員,掲載終了予定日： 2022/03/21
272,旭紙工株式会社 | 月給25万円以上【大阪府緊急雇用対策に賛同】,花束やラッピングの紙を作る【製造スタッフ】未経験OK/賞与5ヶ月 正社員,掲載終了予定日： 2022/03/17
273,株式会社TOP LIFE | 月給30万円以上／社用車貸与／フレックスタイム制＆直行直帰OK,未経験OK！【提案営業】※年収1000万円超多数／新規営業なし 正社員,掲載終了予定日： 2022/03/17
274,株式会社エス・エル・エス福岡 | 総合レジャーサービスグループ(九州全県、広島県に35店舗展開),20代で社長を目指せる！エリア拡大につき【支社長候補】募集！ 正社員,掲載終了予定日： 2022/03/17
275,株式会社アールプランナー | 2021年2月に東証マザーズ、同年12月に名証2部へ上場しました,《愛知・東京｜WEB面接可》【注文住宅営業】※高卒以上 正社員,掲載終了予定日： 2022/04/07
276,株式会社レーベンゼストック | 東証一部上場グループ★宅建保有者大歓迎★残業少なめ★土日休み,【営業】★土日休み＼未経験OK！「買い取る」営業にチャレンジ／ 正社員,掲載終了予定日： 2022/03/21
277,株式会社マイナビM&A | マイナビグループの信頼を活かして、事業承継問題を解決！,安定基盤で成長できる【M＆Aコンサルタント】金融経験者が活躍中 正社員,掲載終了予定日： 2022/03/17
278,株式会社京進 | 東証二部上場,"【学習塾教室長】独立を目指し、教室長として""経営""を学べる！ 契約社員",掲載終了予定日： 2022/02/14
279,LINK株式会社 | 【京都三友青果グループ】★2021年設立の新しい会社です！,☆中小企業の魅力はここにあります！！新会社設立！【内勤営業】 正社員,掲載終了予定日： 2022/03/14
280,ユナイテッド＆コレクティブ株式会社 | 東証マザーズ上場★売上好調につき社員大募集！,年収550万円も可能！月9日休＊入社祝金10万円【店長職】 正社員,掲載終了予定日： 2022/02/28
281,株式会社貴順 | *都心エリアの平均月収60万円 *スタッフの8割以上が月収55万円超,普通免許だけで応募OK！ 上京も歓迎！【軽ドライバー】*全国募集 業務委託,掲載終了予定日： 2022/03/14
282,株式会社Studio En | ★大阪府緊急雇用対策に賛同★ 残業月平均10h程度！メリハリ◎,【電気設備工事スタッフ】賞与年3回・計8ヶ月分！ 正社員,掲載終了予定日： 2022/03/10
283,株式会社ユースリー | 転勤なし・土日祝休・有給消化100％・時流に沿った働き方を展開,【IT営業】未経験歓迎/土日祝休/年休124日以上/月残業20h以内 正社員,掲載終了予定日： 2022/03/10
284,京和ブロンズ株式会社 | 【設立50年以上／青銅インゴットのメーカー】＊残業なし＊,【製造スタッフ（生産）】★昨年度賞与4ヶ月分 ★年休120～125日 正社員,掲載終了予定日： 2022/03/10
285,株式会社キョウシン | 大阪府緊急雇用対策に賛同 ★完全週休2日！残業月平均5時間！,【賃貸営業】100%反響/最大34万円のインセンティブを毎月支給！ 正社員,掲載終了予定日： 2022/02/17
286,住宅セレクション株式会社 | 《引越費用半額負担有！全国から神奈川湘南で働きたい方大歓迎》,【不動産営業】★完全週休2日制 ★年間休日115日 ★残業少 正社員,掲載終了予定日： 2022/02/24
287,株式会社UPSTART | 設立4年で5名から120名に！営業アウトソーシング急成長企業！,【営業】平均年齢25歳☆未経験歓迎！無料の寮完備！月給30万円～ 正社員,掲載終了予定日： 2022/03/10
288,スカイジャパン株式会社 | 入社1年目で月給９万円UPした社員も！在宅勤務OK！,未経験でも高収入/月給30万円以上!【提案営業】ノルマ&残業なし 正社員,掲載終了予定日： 2022/02/10
289,株式会社EINS | 【設立から業績右肩上がり】2年目以降の平均年収1千万以上も可能,未経験OK！【コンサルティング営業】◆残業基本なし/土日祝休 正社員,掲載終了予定日： 2022/03/10
290,株式会社N-Basic | 上業企業《安江工務店》グループ＊神戸からの転勤なし！,【100%反響営業】頑張りは収入に反映！年収1000万円以上も可能！ 正社員,掲載終了予定日： 2022/03/10
291,池袋ホーム株式会社 | ◆池袋の一等地で毎日新規来客多数！◆完全週休2日◆賞与年4回,"お部屋探しの""ワクワク""をお手伝い！【ルームアドバイザー】 正社員",掲載終了予定日： 2022/03/07
292,株式会社SPパロジェ・ゴールド | ♯残業ほぼ無し ♯長期休暇は2週間など、長め ♯産育休実績あり,"年収1,000万円超も可能！売れる物件を担当できる【不動産営業】 正社員",掲載終了予定日： 2022/03/07
293,株式会社京進 | 東証二部上場,【学習塾経営】転職して社員に？いや、次のキャリアは独立だ！ FCオーナー,掲載終了予定日： 2022/02/07
294,株式会社ナイン警備 | 未経験OK！管理職候補生募集！,【総合管理職】上を目指したい！夢がある！そんな方に必見◎ 正社員,掲載終了予定日： 2022/02/21
295,株式会社日本経済物流 | 軽貨物を中心とした物流事業を展開,貨物の配送を適切なドライバーに割り当てる【コーディネーター】 正社員,掲載終了予定日： 2022/02/28
296,株式会社プリペアード | 事業拡大を続ける新進気鋭の企業 ★年休130日/完全週休2日,スタートアップ企業の【法人営業】残業ほぼなし/昇給4回/賞与2回 正社員,掲載終了予定日： 2022/02/14
297,株式会社コッカ | 大阪府緊急雇用対策に賛同｜完全土日祝休み｜年間休日120日以上,会社の新たな成長期を支え、創り上げる【新規事業推進リーダー】 正社員,掲載終了予定日： 2022/02/28
298,株式会社ムラカミ | ◆業績好調◆転勤なし、香川でずっと働ける◆寮あり,残業ほぼなし◎お客様は香川県内の【ルート営業】※未経験歓迎 正社員,掲載終了予定日： 2022/02/14
299,株式会社日光ホーム | 【業績好調／TVCM・WEB広告で知名度抜群】★月収250万円も可能,社員平均月収100万円！【反響営業】※完全週休2日制／未経験歓迎 正社員,掲載終了予定日： 2022/02/28
300,LUCION&Company株式会社 | 高インセン|ちょっとかわった福利厚生|大阪府緊急雇用対策に賛同,新事業立ち上げ！未経験から稼げる！【提案営業】 正社員,掲載終了予定日： 2022/02/14
301,日本建物株式会社 | 今年入社の9名も活躍中！業績好調により更に増員します◎,【不動産営業】#月給25万円～＋インセン#原則定時退社#未経験可 正社員,掲載終了予定日： 2022/02/14
302,株式会社ガイア | アイランドシティや動物園、北九州スタジアムなど多彩な実績あり,大規模プロジェクトに携われる【開発許認可/土木設計】*年齢不問 正社員,掲載終了予定日： 2022/02/28
303,株式会社ワールドインテック | 東証一部上場ワールドホールディングスグループ◆土日祝休み,【自動車製造スタッフ】★未経験歓迎★年間休日121日★日勤のみ 正社員,掲載終了予定日： 2022/01/31
304,大日設備工事株式会社 | 急募★高収入／研修あり／家族都合休OK／U・Iターン歓迎,水まわり工事の【 現場サポート 】年休120日以上／月給30万円～ 正社員,掲載終了予定日： 2022/02/28
305,エントロス株式会社 | 大手企業のイベント/大阪テーマパーク/エンタメなど施工実績多数,展示イベントなどのディスプレイを行う【空間コーディネーター】 正社員,掲載終了予定日： 2022/02/14
306,株式会社インターレイズ | ◆早期キャリアアップ可能／未経験OK／学歴不問,【受付サロンスタッフ】★未経験歓迎／学歴不問 正社員,掲載終了予定日： 2022/02/24
307,SBIコネクト株式会社 | 未経験でも月給25万7500円スタート！／年4回の昇給チャンスあり,【コールセンタースタッフ】★未経験OK★完全週休2日★服装自由 正社員,掲載終了予定日： 2022/02/03
308,株式会社ハロネット | 8年連続ベストベンチャー100に選出／新事業立ち上げメンバー募集,入社祝い金10万円！未経験歓迎【WEBコンサルティング】土日祝休 正社員,掲載終了予定日： 2022/02/24
309,洋伸建設株式会社 | 【海洋土木TOPクラス企業、五洋建設（東証一部）100％出資】,【土木施工管理】◎完全週休2日(土日祝)／年休120日以上 正社員,掲載終了予定日： 2022/02/10
310,株式会社ウィディオ | 【大手企業のパートナーとして安定成長中】★長期出張仕事ナシ★,【電気施工管理】長期休暇あり／週休2日(土日休)／転勤なし 正社員,掲載終了予定日： 2022/02/10
311,株式会社インサイド・アウト | 残業月平均20時間◆土日祝休みの完全週休2日◆年休120日以上,圧倒的な商品力が強み！Web広告の【企画・提案営業】 正社員,掲載終了予定日： 2022/02/10
312,株式会社ファイネスト | 【マイナビ転職初掲載】★Web面接可★大阪勤務⇒引越し代支給,※未経験歓迎【店舗スタッフ(店長候補)】★オープニング募集 正社員,掲載終了予定日： 2022/02/10
313,株式会社トーショー | 未経験OK｜入社祝い金20万円支給｜免許取得制度あり｜定着率抜群,近距離配送・日勤のみ！建築資材の【配送ドライバー】 正社員,掲載終了予定日： 2022/02/24
314,株式会社LIP | #完全週休2日制 #原則定時退社 #高額インセンティブ＆昇給あり,【不動産営業】◎未経験大歓迎！★休日は自由に選択＆残業禁止！ 正社員,掲載終了予定日： 2022/02/10
315,株式会社EMOLVA | SNS運用やインフルエンサーマーケティングを手掛ける企業,インフルエンサーによるSNSマーケ【提案営業】♯新規立ち上げ 正社員,掲載終了予定日： 2022/02/03
316,東日本メディコム株式会社 | 賞与年2回｜転勤ナシ｜U・Iターン歓迎｜5日以上の連休も取得可能,医療システムの【法人営業】★未経験歓迎／年間休日123日！ 正社員,掲載終了予定日： 2022/01/31
317,株式会社レジット | 資格支援制度 / 服装・髪型自由 / 22年5月に道玄坂に拡大移転！,【Webデザイナー】★年収800万円も実現できる★フレックス制 正社員,掲載終了予定日： 2022/02/07
318,株式会社ピースリー | 積極面接中!!年休120日以上でプライベートも充実◎20代活躍中★,【営業】服装と髪型が自由＆初年度高収入！家賃補助50％負担！！ 正社員,掲載終了予定日： 2022/02/21
319,株式会社丸八ダイレクト | ◆名証二部上場「丸八グループ」◆WEB面接可◆報奨金・賞与年2回,【販売スタッフ】未経験でも月30万～可★嬉しい社宅有★高卒以上 正社員,掲載終了予定日： 2022/02/21
320,日本電設工業株式会社 | ＜東証一部上場企業／JR東日本のパートナー＞★年収990万も可,大規模案件を中心に手掛ける【総合職(電気・空調施工管理)】 正社員,掲載終了予定日： 2022/02/14
321,株式会社モトーレン福島 | 《福島県内唯一のBMW／MINI正規ディーラー》★県外転勤なし,未経験から成長できる！【反響営業】※福島限定募集・制度充実 正社員,掲載終了予定日： 2022/03/21
322,株式会社ゲッコー | 年2回5～7日の長期休暇アリ！月収60万円も目指せちゃいます◎,＼残業ナシ／早ければ15時に帰宅することも！【技術系総合職】 正社員,掲載終了予定日： 2022/02/21
323,株式会社ダイケンビルサービス | 創業63年の安定企業：残業月20時間以内・福利厚生も充実！,安定感抜群！【設備管理】未経験大歓迎！面接1回のスピード採用 正社員,掲載終了予定日： 2022/02/07
324,株式会社キャリアサービス | 完全定時退社◆年休125日以上◆産休育休の実績◆賞与年3回,未経験から活躍！【人材コーディネーター】☆月給35万円～ 正社員,掲載終了予定日： 2022/02/21
325,株式会社ガッジェス | 都内・埼玉勤務募集/月給25万円～/住宅手当半額支給/残業5h以下,【携帯ショップstaff】残業なし/1年目で35万円も可/未経験大歓迎 正社員,掲載終了予定日： 2022/02/21
326,GranElite株式会社 | KAITORI ELITE／買取専門店 kaitori-offを展開！6期連続増収★,【査定スタッフ/バイヤー】未経験から1年目で30万円以上も可能 正社員,掲載終了予定日： 2022/02/17
327,昭和プラント株式会社 | ■残業月平均10時間以内 ■学歴不問 ■UIターン大歓迎,【電気工事スタッフ】◎未経験者歓迎！ ◎働きやすさが自慢！ 正社員,掲載終了予定日： 2022/02/17
328,社会福祉法人ひまわり会 | 賞与年3回（4.8ヵ月分：前年実績）・産育休取得＆復帰実績も多数,日祝固定休み！公法人で安定性抜群の【保育士（保育園・学童）】 正社員,掲載終了予定日： 2022/02/17
329,株式会社アイタン | ★創業から21年連続売上UP★賞与年2回＋臨時賞与（4年連続支給）,消防設備の【法定点検スタッフ】月給30万円以上／未経験歓迎☆ 正社員,掲載終了予定日： 2022/02/17
330,株式会社ユタカホーム | 創業46年の安定企業★年間休日120日★土日祝休み★基本定時退社,自社Webサイトをトータルに手掛ける！【Webディレクター】 正社員,掲載終了予定日： 2022/01/31
331,株式会社水本機械製作所 | 【創業70年の老舗企業】年齢不問／定年後のセカンドキャリアもOK,【製造管理】◆マネージャー募集(管理職、部長候補)◆経験者優遇 正社員,掲載終了予定日： 2022/02/14
332,新和エキスプレス有限会社 | 入社祝い金あり／ドライバー平均年収600万円以上！,社会貢献度の大きい建設系廃棄物の【収集運搬ドライバー】 正社員,掲載終了予定日： 2022/02/14
333,ライフナビパートナーズ株式会社 | 売上の70～95%が報酬に | 土日祝休 | 朝日生命保険の100%子会社,【コンサルティング営業】◆年休120日／初年度から高収入可能！ 正社員,掲載終了予定日： 2022/02/10
334,日本交通横浜株式会社 | 11年連続売上No.1*の日本交通グループ☆入社準備金30万円支給！,【EXドライバー(VIP・ハイヤー送迎)】ミドル活躍中／年収790万可 正社員,掲載終了予定日： 2022/02/07
335,日本交通横浜株式会社 | 11年連続売上No.1*の日本交通グループ☆入社準備金30万円支給！,【ホスピタリティドライバー】女性・ミドル活躍中／充実保証あり 正社員,掲載終了予定日： 2022/02/07
336,株式会社インビジブル | ★面接1回★年休120日以上★フレックスタイム制★20代活躍中,キャッシュレス決済サービスの【企画営業】土日祝休／未経験歓迎 正社員,掲載終了予定日： 2022/01/31
337,株式会社岳南不動産 | 岳南グループ企業！高利率インセンティブあり,完全反響営業【ハウスエージェント職】ノルマなし◎★残業月20h 正社員,掲載終了予定日： 2022/01/31
338,株式会社グリーン・ワークホース | 年休127日｜完全週休2日制｜長期休暇アリ｜WEB面接,【完全反響営業】★11:20始業で通勤快適 ★充実のインセンティブ 正社員,掲載終了予定日： 2022/01/31
339,関西不動産販売株式会社 | 17期連続で増収増益中｜固定給25万円を最低保証｜随時昇給あり,年間ボーナス1000万円の支給実績多数【不動産営業】業界未経験OK 正社員,掲載終了予定日： 2022/01/31
340,株式会社アドヴァンス | 【 2022年1月23日(日) マイナビ転職フェア熊本に出展します 】,打ち抜く！曲げる！組立！溶接！技術光る【金属加工】★未経験OK 正社員,掲載終了予定日： 2022/01/31
341,株式会社インフィライズ | 土日祝休み｜入社祝い金最大10万円｜残業月20H以内｜勤務地希望,未経験歓迎【施工管理アシスタント】定着率97％｜ブランク不問 正社員,掲載終了予定日： 2022/01/31
342,株式会社アリオス・コーポレーション | ◆出社・退社時間の調整OK／残業月20h以内／月給30万円～,一緒にゲームやりませんか？？【退居後物件の見積調査スタッフ】 正社員,掲載終了予定日： 2022/01/27
343,株式会社国際エキスプレス | 3年前から倍増！売上90億円/国際宅配サービスを担う総合物流企業,【倉庫管理スタッフ】★年休120日～★有休消化率70%以上♪ 正社員,掲載終了予定日： 2022/01/27
344,Life & Style株式会社 | *大型連休年3回 *週休二日制 *残業少なめ *インセン平均30~40万,未経験歓迎！都心のブランドマンションの【反響営業】*月27.5万~ 正社員,掲載終了予定日： 2022/01/27
345,日本交通株式会社 | 三鷹営業所★飲食関連や個人事業主など前職様々なメンバーが活躍,働きやすさが自慢！【総合職(乗務員・キッズ・ケアサポート等)】 正社員,掲載終了予定日： 2022/02/07
346,株式会社Be-flow | 勝てるノウハウを伝授！全国売上《トップ5位》は全員当社の社員,社員全員が〈月収100万円以上〉月給25万～×完全週休2日【営業】 正社員,掲載終了予定日： 2022/02/03
347,ディーエムソリューションズ株式会社 | JASDAQ上場／設立以来17期連続黒字経営！引越し手当30万円支給※,リピート率95%超の【企画営業】★未経験活躍中！仙台・福岡限定 正社員,掲載終了予定日： 2022/01/31
348,株式会社SALTO | ＃年休132日＃フルリモート案件多数＃完全週休2日制,☆前給考慮☆Web面接1回のスピード選考【開発エンジニア】 正社員,掲載終了予定日： 2022/02/10
349,コーンズ・モータース株式会社 | ＜フェラーリ、ロールス・ロイスなど高級輸入車の正規代理店＞,【営業】★完全週休2日制★賞与計5ヵ月分支給＆高インセン有 正社員,掲載終了予定日： 2022/01/27
350,株式会社窪治組 | ★転勤なし★社員寮完備★残業ほぼなし★実働7.5h★各種手当充実,【総合職(技術者/ドライバー/資材の搬入等)】★社会人経験者募集 正社員,掲載終了予定日： 2022/01/27
351,株式会社秋山住研 | 【設立42年】地域に根ざした工務店◎100億企業を目指し拡大中！,完全反響型【営業】高品質＆低価格な住宅で商談チャンス豊富！ 正社員,掲載終了予定日： 2022/01/27
352,コーンズ・モータース株式会社 | ＜フェラーリ、ロールス・ロイスなど高級輸入車の正規代理店＞,フェラーリの【セールスマネージャー】★月給37万以上★完休2日 正社員,掲載終了予定日： 2022/01/27
353,シティロード株式会社 | 資格取得支援・高収入も目指せる！WEB面接対応OK◎,未経験OK！【施工管理】★年間休日129日★福利厚生も充実 正社員,掲載終了予定日： 2022/02/03
354,株式会社ティ・ユー・メタル | 【 業績安定 】” 地元でずっと働く ” が叶う場所。,【 作業スタッフ 】土日休み／平均月収30万円～／20～30代活躍中 正社員,掲載終了予定日： 2022/03/21
355,HRconsulting株式会社 | ◆完全週休2日(土日祝)◆年休124日◆基本定時退社◆高インセン,アパレル業界と求職者を繋ぐ【人材コーディネーター】★未経験OK 正社員,掲載終了予定日： 2022/03/21
356,株式会社コンセプト | 競馬関連のプロモーションを担う制作会社 ◎2週間の長期休暇あり,DMや新聞広告の【制作スタッフ】★未経験者も月給30万スタート！ 正社員,掲載終了予定日： 2022/03/07
357,三協電機株式会社 | 大手や官公庁と直取引／賞与年2回、1回100万円程度の実績も多数,地元のインフラに貢献！電気設備の【技術スタッフ】週休二日制！ 正社員,掲載終了予定日： 2022/03/07
358,株式会社 GREEN ROOM | 【5つの事業を展開する総合管理・コンサルタント会社】,【 営業 】★未経験者歓迎 ◎年間休日120日以上 ◎土日祝休み 正社員,掲載終了予定日： 2022/03/07
359,株式会社建築資料研究社 | コロナ禍でも強い！資格系スクール「日建学院」を運営,★埼玉県募集【総合職(ライセンスアドバイザー/システム営業)】 正社員,掲載終了予定日： 2022/03/07
360,三友企業株式会社 | 神戸本社／港湾物流カンパニー／物流業界からの転職事例多数,休日と高収入のバランスが抜群【港湾荷役スタッフ】※未経験歓迎 正社員,掲載終了予定日： 2022/02/28
361,株式会社蛭佐 | ★かんでんエンジニアリングと直取引 ★昨年賞与実績4～5ヶ月分,インフラを守る【維持・管理スタッフ】※月収40万円も可 正社員,掲載終了予定日： 2022/03/21
362,"伊勢住宅株式会社 | ""南大阪の物件なら伊勢さん""地域密着企業／大阪府雇用対策に賛同",未経験も月給27万円以上！【反響営業】ノルマ・転勤なし！ 正社員,掲載終了予定日： 2022/03/03
363,株式会社L.I.G | #大阪府緊急雇用対策に賛同 子育て中のママさんも活躍中です！,新進気鋭の不動産仲介！大阪トップクラスの集客力！【営業事務】 正社員,掲載終了予定日： 2022/03/17
364,株式会社かず電工 | 電話問合せも歓迎！【092-985-5959】まで気軽にご連絡ください！,未経験からプロになれる【電気・ネットワーク系エンジニア】 正社員,掲載終了予定日： 2022/03/03
365,スカイガーデン株式会社 | 平塚に根差した不動産会社！業界経験者、資格取得者は手当あり！,地域密着の【不動産営業】未経験から年収1000万円を目指せます！ 正社員,掲載終了予定日： 2022/03/17
366,システム・メイトグループ合同募集 | ★創業50年超★30～40代活躍中★エンジニアの希望を何より重視！,【SE/PG】★リモートあり ★年休120日 ★残業平均1日1H以下 正社員,掲載終了予定日： 2022/02/17
367,有限会社チャンス | 《千葉エリア中心の中古車販売店》ノルマなし／100%反響型,＼100%反響型／売りやすさバツグン！【営業職】★未経験歓迎 正社員,掲載終了予定日： 2022/03/17
368,"アークネット株式会社 | 「やる気スイッチ」のスクールIE,英会話スクール「WinBe」を運営",担当授業無【教室長候補】関東エリアNO.1×特別優秀教室賞も受賞 正社員,掲載終了予定日： 2022/03/03
369,伊豫スズキ販売株式会社 | 完全週休2日制！(水)+他1日★4月入社希望の方大歓迎！時期相談可,女性活躍中★未経験でも成長できる！チーム制の【営業スタッフ】 正社員,掲載終了予定日： 2022/03/17
370,株式会社トータルサポート | ＼未経験歓迎！応募者全員面接★／面接1回のみ◎即日スタート可,夜勤・長距離・再配達すべてなし☆【ルート配送ドライバー】 正社員,掲載終了予定日： 2022/03/03
371,株式会社ワイズ高橋 | 業界でも珍しい、弊社ならではの買取職にご注目！退職金制度あり,高級輸入車店の【総合職(販売・買取)】★未経験歓迎 正社員,掲載終了予定日： 2022/03/17
372,株式会社トラストホーム | 業績好調！3月新店OPEN｜全員のスキルUPと収入のUPを目指す会社,高収入が叶う！【不動産営業】☆問い合わせ対応のみ ☆研修充実 正社員,掲載終了予定日： 2022/03/17
373,株式会社立山塗建 | 外壁・防水塗装サービス／初年度平均月収:30万円～(実績あり),未経験OK／超スピード成長できる【営業】★昇給年4回★賞与年2回 正社員,掲載終了予定日： 2022/03/17
374,株式会社コミュニティー | ★直近も賞与実績あり★転勤なし★WEB面接1回の選考可能,未経験・第二新卒大歓迎！【倉庫作業スタッフ】★年休120日以上 正社員,掲載終了予定日： 2022/02/24
375,株式会社sizebook | 業界高水準の待遇★月25万～★完休2日★土日祝休★第二新卒歓迎,WEB広告の【ライター】★未経験歓迎★将来は年収1000万や独立可 正社員,掲載終了予定日： 2022/03/03
376,株式会社コトリオ | ★土日祝休み★年休124日★残業月平均15h★産育休実績あり,【人材コーディネーター／営業】★平均27歳★異業界出身が80％超 正社員,掲載終了予定日： 2022/03/17
377,谷一木材株式会社 | 昇給・賞与が各年2回／勤務スタイルは3種類の中から選べる！,住宅用建材の【製造スタッフ】未経験OK／完全週休2日・年休120日 正社員,掲載終了予定日： 2022/03/17
378,サムティプロパティマネジメント株式会社 | 【東証一部上場100％出資企業】★大阪府緊急雇用対策に賛同,オーナー対応などの【不動産管理】★月給27万円～/土日休み 正社員,掲載終了予定日： 2022/03/14
379,株式会社ファーストライズ | 9年連続で業績UP／コロナ禍でも変わらずニーズがある安定企業★,居抜き物件のマッチングを図る【営業】*土日祝休み*未経験歓迎！ 正社員,掲載終了予定日： 2022/02/21
380,株式会社ケイティホーム | ワクワクすることを始めませんか？趣味や生活の知恵が活かせます,完全週休2日制【総合職(営業職／インテリアコーディネーター)】 正社員,掲載終了予定日： 2022/02/10
381,株式会社崎山組 | ＊年間休日は122日とたっぷり／1回の賞与で100万円の実績あり＊,資格取得すれば月収60万円も可能【機械オペレーター】※未経験OK 正社員,掲載終了予定日： 2022/03/10
382,Bigmac株式会社 | 毎期連続200%成長！北陸で圧倒的なシェアを誇るデジタル広告企業,デジタルマーケティングの【営業職】北陸で圧倒的なシェアを誇る 正社員,掲載終了予定日： 2022/03/10
383,大阪第一交通株式会社 | 上場グループ／年収500万円以上可／大阪府緊急雇用対策に賛同,業界大手！誰もが自分らしく仕事できる【タクシードライバー】 正社員,掲載終了予定日： 2022/03/10
384,エコ・ライフ株式会社 | 年収例24歳2200万円、28歳2900万円、32歳3500万円、37歳4600万円,日本最高水準の高額給与！億万長者になれる営業職【総合職】 正社員,掲載終了予定日： 2022/03/03
385,株式会社リモデルエステート | 転勤なし／全国26支店展開中の安定企業／WEB面接実施中,【賃貸住宅のリフォーム営業】平均月収60万円！未経験歓迎！ 正社員,掲載終了予定日： 2022/02/10
386,株式会社ケーシーエス | 【入社1年目から月収40万円超も可能】完週休2日の働き方もできる,【総合職（ドライバー／運行管理）】自分らしい働き方が選べる！ 正社員,掲載終了予定日： 2022/03/17
387,株式会社スタイリード | ［居心地の良さ］×［納得できる収入］で高い定着率を誇ります！,★未経験歓迎！【営業スタッフ】★完全週休2日制・ほぼ残業ナシ 正社員,掲載終了予定日： 2022/03/10
388,四国道路施設有限会社 | 区画線工事や道路標識の設置など | 徳島で愛されて40年以上,交通安全に貢献する【技術スタッフ】◆転勤なし◆原則定時退社！ 正社員,掲載終了予定日： 2022/03/10
389,ユナイテッド・エステート株式会社 | 【コロナ禍においても最高益の成長企業】完全週休2日制(土日祝),【不動産営業】仕入～売却まで一貫対応！※未経験者歓迎！ 正社員,掲載終了予定日： 2022/03/10
390,株式会社エヴァ・ライフ | ＼ 高収入が目指せます ／インセンティブが10万円を超える月も?!,今後の拡大に期待大！【 福祉用具のルート営業 】*新店舗もOPEN 正社員,掲載終了予定日： 2022/03/10
391,株式会社Add Flow | ◆土日祝休◆年間休日120日◆残業月20H◆インセンティブ毎月支給,YouTube・Instagram等のSNS広告/未経験可/渋谷勤務【企画営業】 正社員,掲載終了予定日： 2022/03/10
392,株式会社アサヒ通一商アッソー | 【専門◎コンクリート圧送工事業】*月50万可 *10～30代が活躍中,面接確約【コンクリート圧送スタッフ】資格と高収入を手に入れる 正社員,掲載終了予定日： 2022/03/10
393,アイデックス株式会社 | 完全週休2日制（土日祝）新宿パークタワー20F/綺麗なオフィス,【賃貸管理】土日休み/残業少なめ/賞与4か月/創業22年黒字経営 正社員,掲載終了予定日： 2022/03/07
394,株式会社エイトハウジング | 【大阪積極採用／月収50万円も可能！】大阪府緊急雇用対策に賛同,収入も働き方も満足！リフォームの【営業】土日祝休み／未経験OK 正社員,掲載終了予定日： 2022/02/14
395,株式会社エム・シー・ピー | ★基本定時退社★正当評価で年収1000万円も可能★昇給年4回,★残業なし★最大18連休！メリハリつけて働ける【積算スタッフ】 正社員,掲載終了予定日： 2022/02/21
396,株式会社エアーテック | 【 佐賀県有数の実力 】ダイキン空調機特工店＆サービス認定店,空調設備の【 総合職 】国家資格取得を会社で全額負担 正社員,掲載終了予定日： 2022/02/07
397,西日本高速道路エンジニアリング中国株式会社 | 【NEXCO西日本グループ】■年収600万円以上可能■UIターン歓迎,【土木技術者(管理・点検・調査設計)】年休120日◎完全週休2日制 正社員,掲載終了予定日： 2022/02/21
398,株式会社くらいす住建 | ★残業月20H以内 ★土日祝休み ★入社2年目で年収1200万円可！,暮らしをデザイン【リフォームアドバイザー】未経験が90%以上♪ 正社員,掲載終了予定日： 2022/02/14
399,廣川電機株式会社 | カネカ、サントリーなど大手と直接取引／資格取得支援あり,未経験から始める【メンテナンススタッフ】☆月給22万円以上 正社員,掲載終了予定日： 2022/02/07
400,株式会社New Links | ［業務拡大を続ける成長企業］★入社1ヶ月目から月収30万円も可,未経験歓迎！スピード昇給可◎【営業スタッフ】★年休115日～ 正社員,掲載終了予定日： 2022/02/14
401,有限会社愛知環境センター | 未経験OK！体力への負担がないから腰を据えて働ける◎,【機械オペレーター】★子どもの行事に合わせて有給が取れる！ 正社員,掲載終了予定日： 2022/02/28
402,株式会社TAKEFUJI | 電話での問い合わせもOK！【045-383-9697】,【ドライバー】★普通免許があればOK！1年目で月収80万円も可能 業務委託,掲載終了予定日： 2022/01/31
403,株式会社オラフズ | 実績多数『ジャンクSPORTS』『モニタリング』『ドッキリGP』etc.,【AD/進行管理】地上波・動画配信サービス・YouTube等ジャンル◎ 正社員,掲載終了予定日： 2022/01/31
404,株式会社九州電気保安センター | 【電話問い合わせもOK】土日の完全週休2日で基本残業なし！,希望に合った働き方ができる電気設備の【保守・点検スタッフ】 正社員,掲載終了予定日： 2022/02/14
405,社会福祉法人 枚方療育園 | ビアンエトール恭愛/法人設立から50年以上の安定基盤/月8日休み,未経験歓迎【生活支援員（通所施設）】※賞与年3回(5.35ヶ月分) 正社員,掲載終了予定日： 2022/02/14
406,株式会社シュアテック | #浄化槽の保守点検#香川県内の企業トップクラスの規模,インフラ設備を守る◎【メンテナンススタッフ】※賞与5ヶ月実績 正社員,掲載終了予定日： 2022/01/31
407,株式会社エール | 1月22日(土)開催のマイナビ転職フェア福岡に出展＠国際会議場,街で見かける似顔絵看板の【営業職】※年収800万円超も可能！ 正社員,掲載終了予定日： 2022/02/28
408,FIC栄新株式会社 | 充実のインセンティブで入社1年目から高収入を実現！,【営業職】20代の若手活躍中／完全週休2日制／未経験歓迎 正社員,掲載終了予定日： 2022/02/28
409,株式会社エーワンオートイワセ | ＜長野県唯一のBMW＆MINIの正規ディーラー＞,MINIの【セールス・コンサルタント（営業職）】※未経験歓迎！ 正社員,掲載終了予定日： 2022/02/28
410,阪奈サービス株式会社 | 手当充実｜賞与3.1ヶ月分＋決算賞与あり｜未経験者多数活躍中！,最新技術を用いて、建造物の安全をまもる。【検査スタッフ】 正社員,掲載終了予定日： 2022/02/28
411,東亜商事株式会社 | 安定の経営基盤で幅広いスキルUP＆年収800万円以上も目指せる！,未経験OK！50年の歴史ある総合商社！JA(農協)への【ルート営業】 正社員,掲載終了予定日： 2022/02/21
412,鶴信運輸株式会社 | 《 津山・広島営業所にて積極採用中！ 》★1年目で月収40万円可,未経験OK【 4t・10tドライバー 】◎大型免許取得支援あり 正社員,掲載終了予定日： 2022/02/28
413,株式会社アクト | ＼賞与は4～5ヶ月分を支給／残業は月平均10時間ほどです,道路や河川などの社会インフラに関わる【施工管理】★年休113日 正社員,掲載終了予定日： 2022/02/28
414,株式会社日本汽罐 | ★どこにもない製品を売る面白さ★大手企業とも取引実績多数！,社会貢献を果たす【自社開発製品（機械・プラント）の提案営業】 正社員,掲載終了予定日： 2022/02/07
415,株式会社九南フィールドエンジニアリング | 『九州電力』の送電線工事／今の生活、満足できていますか？？,暮らしが上向く！【技術スタッフ】★未経験OK★賞与7カ月分以上 正社員,掲載終了予定日： 2022/02/07
416,株式会社藤原組 | 100年超の歴史を誇る老舗の総合建設会社　★未経験大歓迎,街のライフラインを再生！【機械操作スタッフ】*月給24万円以上 正社員,掲載終了予定日： 2022/02/14
417,株式会社カワテ | 【設立36年目、安定成長を続ける企業！多種類の機械を保有！】,【クレーンオペレーター】★正社員で安定収入を実現★未経験もOK 正社員,掲載終了予定日： 2022/02/07
418,定山鋼材株式会社 | しっかり稼ぎ、しっかり休む会社：賞与最大年3回・残業月10H以内,未経験歓迎！いい意味で働くイメージも壊れる！？【総合職】 正社員,掲載終了予定日： 2022/02/07
419,株式会社マツシタホーム | ◆茨城東部地区着工トップクラス◆独自の仕組みプラン契約率80%,《前職年収以上考慮》住宅メーカーの【アフターメンテナンス】 正社員,掲載終了予定日： 2022/02/24
420,株式会社建築資料研究社 | 景気に左右されない！資格系スクール「日建学院」を運営,★福山校募集★【ライセンスアドバイザー】◎未経験歓迎！ 正社員,掲載終了予定日： 2022/02/10
421,株式会社スズマン化工 | 国内全自動車メーカーの自動車部品を製造 ★年休124日以上も可,＼未経験OK!!／プラスチック製品の【総合職（出荷作業・製造）】 正社員,掲載終了予定日： 2022/02/24
422,株式会社ベルハウス | 大人気の自社物件2x4建築”ルミナスコート”を扱う増収増益企業,高インセンティブで稼げる！【反響営業】※オープニングメンバー 正社員,掲載終了予定日： 2022/02/17
423,株式会社建築資料研究社 | コロナ禍でも強い！資格系スクール「日建学院」を運営,盛岡【総合職(ライセンスアドバイザー/システムアドバイザー)】 正社員,掲載終了予定日： 2022/02/10
424,山下商事株式会社 | ★充実の報奨金制度 ★社用車貸与 ★年間休日126日 ★面接1回,【ルート営業】★未経験でも月給28万円スタート ◎土日休み 正社員,掲載終了予定日： 2022/02/24
425,株式会社KASOL | 【カーソル】2021年11月NEWオフィスに移転 ☆転勤はありません,【SE/PG】※案件に応じてフルリモートあり/自社への出社ほぼなし 正社員,掲載終了予定日： 2022/03/03
426,株式会社CreaVision | ◆高級賃貸マンションに特化した仲介企業 ◆売上前年比150％超,都心部高級賃貸の【エージェント】★完全週休2日制/在宅勤務有 正社員,掲載終了予定日： 2022/02/24
427,有限会社イースト・コーポレーション | ～大手ゼネコンと直取引する安定企業～＜条件に合う方全員面接＞,【施工管理スタッフ】★家具家電＆自転車付の社宅/月給35万円～ 正社員,掲載終了予定日： 2022/02/10
428,リーガルボード株式会社 | 《12年連続売上UP》1/22（土）マイナビ転職フェア＠大宮に出展,”レア求人”看板広告の【営業】◆残業ほぼなし・直行直帰OK 正社員,掲載終了予定日： 2022/02/24
429,安武開発株式会社 | ＜ 熊本市 × 好待遇 ＞未経験歓迎！飛び込んで来てください！,『チームスピリット』でスキルを磨ける【組立スタッフ】 正社員,掲載終了予定日： 2022/01/27
430,株式会社ひらぎの | 未経験から高収入が目指せる！UIターン支度金（10～20万円）あり,モデルルームへの来店者やお客様からの紹介が中心の【反響営業】 正社員,掲載終了予定日： 2022/02/10
431,京成タクシー松戸西株式会社 | 京成電鉄100％出資安定基盤！未経験歓迎★20~60代が幅広く活躍中,【タクシードライバー】平均月収40万円以上！★入社祝金15万円★ 正社員,掲載終了予定日： 2022/02/24
432,クレバーグループカンパニー株式会社 | 【オープニングメンバー募集】★残業＆休日出勤&ノルマなし,＜月収40万円以上＞も可能！【PRスタッフ】※未経験の方大歓迎！ 正社員,掲載終了予定日： 2022/02/21
433,ユニオンテック株式会社 | オフィスや店舗デザインのプロ集団／★年休120日以上(土日祝休),【施工管理】◆年収1000万円可◆完全週休2日制◆フレックス勤務 正社員,掲載終了予定日： 2022/02/21
434,株式会社松尾モータース | 未経験から、国家資格取得を支援！定着率も抜群です！,【整備士】軽自動車専門なので、体の負担が少ない＆残業ほぼなし 正社員,掲載終了予定日： 2022/02/14
435,株式会社かまとり住宅 | 設立以来右肩上がりの成長！千葉県に根付き数多くの不動産を扱う,未経験でも安心の100%問い合わせ対応！【不動産営業】 正社員,掲載終了予定日： 2022/02/21
436,ユニオンテック株式会社 | オフィスや店舗デザインのプロ集団／★年休120日以上(土日祝休),日常を、特別な場所へ【空間デザイナー】★年収1000万円可！ 正社員,掲載終了予定日： 2022/02/21
437,京成不動産株式会社 | 京成電鉄グループ企業/完全週休2日制/残業月10h以内,東証一部上場グループの【不動産売買営業】★完全反響型 正社員,掲載終了予定日： 2022/02/21
438,株式会社ホンダクリオ南海 | 未経験歓迎／初年度年収400万円～※大阪府緊急雇用対策に賛同,ノルマ設定なし・お客様ファースト【営業】※完全週休2日制！ 正社員,掲載終了予定日： 2022/02/21
439,株式会社タイコー | 【広島県を中心に実績を持つ電気工事会社】*転勤なし*20代活躍中,【電気工事施工管理】*日給月給30万円～＋賞与3回*基本残業なし 正社員,掲載終了予定日： 2022/03/21
440,株式会社沖縄ユーポス | 【 ユーポスグループ 】20代の若手社員が続々と入社しています,原則残業なし★働きやすい環境・高収入が手に入る！【 営業職 】 正社員,掲載終了予定日： 2022/02/21
441,株式会社カーネルジャパン | 【高水準のインセンあり】★土日祝休み★有給取得率◎＝連休もOK,未経験からチャレンジOK【人材コーディネーター】★年休125日～ 正社員,掲載終了予定日： 2022/02/03
442,マニュライフ生命保険株式会社 | 創業130年超のマニュライフ・ファイナンシャル社のグループ企業,【コンサルティング営業】未経験者歓迎！20～40代活躍中 正社員,掲載終了予定日： 2022/02/10
443,株式会社エスコーポレーション | 大阪府緊急雇用対策に賛同／月収50万円超も可／完全週休2日,カスタムカー販売スタッフ【反響営業】ノルマなし 正社員,掲載終了予定日： 2022/02/17
444,株式会社東亜産業 | 賞与年2回（業績により）／20代～30代中心に活躍中！,NEWオープン！ディスカウントストアの【店長候補】 正社員,掲載終了予定日： 2022/02/03
445,株式会社ファイン | 人柄重視の採用！完休2日制★残業月10h以下★連休取得も可能◎,月30万&オフも充実！【レジャーホテルSTAFF】未経験から稼げる☆ 正社員,掲載終了予定日： 2022/02/03
446,株式会社キャディアン | 東証1部上場タカミヤの100％出資会社◆設立から右肩上がりで成長,チームのリーダー候補として活躍！【経理財務】◆残業月10H以下 正社員,掲載終了予定日： 2022/02/03
447,株式会社ワイズパートナー | ＼ 働き方改革を進めています ／ 家族手当などの諸手当も充実！,ノルマなし★未経験の方も安心スタート！【 反響型営業 】 正社員,掲載終了予定日： 2022/01/31
448,株式会社レクト | 日・祝の他に月に3日の選べる休日でプライベート充実！！,解体工事の【営業】　※年休116日／1年目の平均年収425万 正社員,掲載終了予定日： 2022/02/14
449,株式会社ロンコ・ジャパン | 【ロジスティクス・派遣など多様な事業を展開】福利厚生も充実,【運行管理】 ※学歴不問／月給30万円以上　◎広島限定採用 正社員,掲載終了予定日： 2022/01/31
450,株式会社Link,投資用物件の購入を事務サポートする【不動産企画職】※経験不問 正社員,掲載終了予定日： 2022/01/31
451,株式会社XiT | 《業界を変えるベンチャー企業》―Redesign the last one mile―,今すぐ働けて、月収50万円を当たり前に【デリバリーパートナー】 業務委託,掲載終了予定日： 2022/02/14
452,UTHP株式会社 | 【東証一部上場グループ】日立グループへの転籍実績多数,未経験で月収34万円可【製造スタッフ】16:30定時＆土日休可 正社員,掲載終了予定日： 2022/01/31
453,株式会社スカーラサポート | 《面接1回》《社員の9割が月給30万円以上実現》《普通免許でOK》,【レッカーサービススタッフ】◎年齢不問 ◎埼玉・東京募集 正社員,掲載終了予定日： 2022/02/10
454,株式会社エム・シー・ピー | ★年齢不問★連続休暇取得も可★資格取得支援有★20～50代活躍中,【マンション修繕の施工管理】年収1000万円も可能/昇給年4回実績 正社員,掲載終了予定日： 2022/01/27
455,サンドリアウエスト株式会社 | ＜賞与年2回／残業少なめの職場＞大阪府緊急雇用対策に賛同,転職で安定収入をゲット♪【営業アシスタント】20～30代活躍中！ 正社員,掲載終了予定日： 2022/02/03
456,株式会社クラウディオデジタルオフィス | バックオフィス業務のBPOサービスを展開,【会計コンサルタント】経理業務を入口にバックオフィスを改善！ 正社員,掲載終了予定日： 2022/01/27
457,株式会社本舗グループ | 「Gooネット・カーセンサー」でダントツのクチコミ件数を誇る！,完全反響型！地域密着！中古車販売の【営業】★未経験者歓迎！ 正社員,掲載終了予定日： 2022/02/10
458,インフォシー株式会社 | ★グローバルベンチャー企業★年休120日以上★残業は月10h以下♪,【ITエンジニア】前職の給与よりも『増給』を必ず保証します！！ 正社員,掲載終了予定日： 2022/02/10
459,株式会社fosbury | 【ベストベンチャー100選出企業】#コロナ禍でも連続増収増益中！,公的機関主催の超大型イベントも手がける【イベントプランナー】 正社員,掲載終了予定日： 2022/01/27
460,株式会社東亜産業 | 20代～30代中心に活躍中／完全週休2日制,【法人営業】急成長メーカー企業の新事業！昇給随時あり 正社員,掲載終了予定日： 2022/02/10
461,株式会社プラスワールド | ＜ 勝川駅から徒歩圏内 ＞NaturePlusという自社ブランドあり★,【 営業 】★土日休み｜新しいオフィスに移転も決定｜未経験OK★ 正社員,掲載終了予定日： 2022/02/07
462,株式会社東亜産業 | 20代～30代中心に活躍中！完全週休二日制,ディスカウントストアの【バイヤー】※正社員登用前提 契約社員,掲載終了予定日： 2022/02/07
463,"株式会社サンエム | 《 月給23万円以上スタート 》年収1,000万円も目指せます！",未経験から専門知識も身につく★土地活用・建築に関する【営業】 正社員,掲載終了予定日： 2022/02/03
464,株式会社ゼント | ノルマなし&残業少なめ&インセンティブ！社員定着率も高い！,完全反響型の【ルームアドバイザー】1年目で年収600万円も可能！ 正社員,掲載終了予定日： 2022/02/03
465,株式会社エルグ | 異業種出身者も多数活躍中のプロモーション会社！,経験を発揮！【企画営業】◆月給35万円～◆年収550万円～も可！ 正社員,掲載終了予定日： 2022/01/31
466,株式会社Fun Work | ★土日祝休み！★残業ほぼなし！★資格手当でさらに収入UP！,★締切間近★未経験でも月給(手取り)26万円以上【メンテナンス】 正社員,掲載終了予定日： 2022/01/31
467,株式会社谷川建設 | 【創立50周年】■年収1000万円以上も可能 ■充実した福利厚生,完全自由設計★木造住宅の【完全反響型営業】年間休日110日以上 正社員,掲載終了予定日： 2022/01/31
468,株式会社シティ・ハウジング | ☆人柄重視の採用☆経験者はさらに優遇☆大型連休も取得可能,☆未経験OK☆賃貸物件の【ルームアドバイザー】個人ノルマなし◎ 正社員,掲載終了予定日： 2022/01/31
469,株式会社オンリーワンスタジオ | 今年2月に移転した新オフィスで気持ちよく働きませんか？,未経験OK【総合職（不動産管理／売買・賃貸仲介／一般事務）】 正社員,掲載終了予定日： 2022/01/31
470,税理士法人すばる | 完全週休2日(土日)｜U・Iターン歓迎｜経験者優遇,＃年間休日121日＃賞与年2回【税理士／税理士補助】 正社員,掲載終了予定日： 2022/01/31
471,株式会社カインドホーム宇都宮 | ★未経験OK★完休2日制★残業なし★教育体制も充実,サービス紹介専任の【PRスタッフ】※月給25万～＆完休2日制 正社員,掲載終了予定日： 2022/01/31
472,コウショウ物流株式会社 | 【案件数豊富だから稼げる！】年収例：未経験1年目／600万円,軽自動車で運転ラクラク！【軽貨物ドライバー】※週払いも可能！ 業務委託,掲載終了予定日： 2022/01/31
473,タン・コンサルティング株式会社 | 世界トップクラスの不動産ネットワーク「RE/MAX」のFC加盟店,年収1000万以上可能！自由な環境で自己成長できる【不動産仲介】 業務委託,掲載終了予定日： 2022/01/31
474,株式会社西日本アチューマットクリーン | 【 未経験歓迎！覚えやすくスタートしやすい仕事です◎ 】,地球環境に貢献する【作業スタッフ】月給25万円～／残業ほぼなし 正社員,掲載終了予定日： 2022/01/31
475,U2JAPAN株式会社 | 【ハウスドゥFC加盟店】事業の多角化で業績好調なベンチャー企業,未経験OK【営業】ノルマなし／完休2日／年休111日／学歴不問 正社員,掲載終了予定日： 2022/01/31
476,株式会社スカーラサポート | 《面接1回》《社員の9割が月給30万円以上実現》《普通免許でOK》,【レッカーサービススタッフ】◎年齢不問 ◎福岡限定募集 正社員,掲載終了予定日： 2022/01/27
477,株式会社Ties | 残業ほぼナシ！月給70万円も可能！未経験から手に職をつけられる,エクステリア工事の【施工・現場監督】◎業界・職種未経験歓迎！ 正社員,掲載終了予定日： 2022/01/27
478,オリエント住宅販売株式会社 | 広告投資に積極的だから集客力◎／20代～30代活躍中／実働7時間,年収1000万円を目指せる【不動産営業】※未経験OK・残業少なめ 正社員,掲載終了予定日： 2022/02/03
479,株式会社フレスタ | ITシステム開発サービスで急成長！◎副業OK◎残業少なめ,【インフラエンジニア】残業月平均6.5h /年休120日/定着率90％ 正社員,掲載終了予定日： 2022/02/07
480,有限会社中央物流 | ブランクある方もOK！30代～40代の育児中ドライバー活躍中！,【 大型トレーラードライバー 】★月給45万円スタート 正社員,掲載終了予定日： 2022/01/27
481,GTNET株式会社 | 全国の拠点で現地面接・現地採用｜売上64億以上を誇る企業で活躍,希少な車と出会える！スポーツカーの【整備士】即戦力月給38万～ 正社員,掲載終了予定日： 2022/01/27
482,日本フォーミング株式会社 | ◆基本土日祝休み◆ほぼ定時退社 ◎未経験大歓迎！,【営業事務】ワークライフバランス重視でプライベートを大切に！ 正社員,掲載終了予定日： 2022/02/07
483,富国運輸株式会社 | 月給40万円以上も可！無事故手当(月最大7万円)など環境充実！,未経験OK！食品の【タンクローリードライバー】月給40万円～ 正社員,掲載終了予定日： 2022/02/10
484,株式会社西家 | ◆大型連休年3回(GW/夏季/年末年始)→最大9連休 ◆週休2日制,"""稼ぎたい""を本気で応援★月給32万円以上【営業】※残業月0~25h 正社員",掲載終了予定日： 2022/01/31
485,三英運輸株式会社 | 《安定性抜群》大手企業と直接取引＆コロナ禍でもニーズ増！,【ドライバー】★未経験OK ★特殊車両中心 ★夕食は自宅で 正社員,掲載終了予定日： 2022/03/07
486,特定非営利活動法人みらい | 放課後等デイサービス 児童発達支援 えがお | 3月に新施設OPEN！,高待遇が魅力の【児童発達支援スタッフ】※入社祝金5万円支給※ 正社員,掲載終了予定日： 2022/03/21
487,株式会社三橋企画 | 【新規開拓なし】大手企業からの紹介メイン ★完休2日★面接1回,【リフォームアドバイザー】★未経験でも月給25万円スタート！ 正社員,掲載終了予定日： 2022/03/07
488,有限会社リーライダーす | TV番組・動画制作会社◆20年以上テレビ業界を支えてきた安定企業,【TV番組のディレクター】YouTubeの動画編集も◎月給30万円以上 正社員,掲載終了予定日： 2022/03/21
489,有限会社扶桑物流 | ＜ 扶桑グループ ＞★すべての営業所にて積極採用中！,安心して働ける【路線便ドライバー(大型)】★免許取得制度あり 正社員,掲載終了予定日： 2022/03/21
490,株式会社サン・サービス | ◆月30万円以上◆未経験大歓迎!充実な研修有◆大手企業取引多数!,30～40代活躍中×面接1回◎快適車内空間を演出！【役員運転手】 正社員,掲載終了予定日： 2022/02/17
491,株式会社イメディア | 賞与は平均216万円の実績！高還元率のエンジニアのための会社！,【SE・PG】★業界高水準の給与還元率！やりたい案件を自由に選択 正社員,掲載終了予定日： 2022/03/10
492,株式会社びわこ運送 | ◆手積み・手降ろしナシ ◆毎日18時～19時までには退勤！,"【ドライバー】※2t/3t/4t ユニック車 ★月給28万3,000円以上 正社員",掲載終了予定日： 2022/03/03
493,株式会社大川建設 | 大手ゼネコンの元請★食堂付き宿舎有★直行直帰OK,*残業月0～20h◎満足感×安定性【とび工】資材積み下ろし一切無 正社員,掲載終了予定日： 2022/03/17
494,ケイエイツー株式会社 | WEB面接OK／引越代負担あり☆女性活躍中／働き方も応相談,成長性バツグン！【設計】好待遇を実現／月給30万円以上～♪ 正社員,掲載終了予定日： 2022/03/03
495,株式会社明建ハウス | 成果給で高収入を目指せる／ノルマなし／サポート体制充実,反響型だから成果が出やすい！アットホームな会社の【住宅営業】 正社員,掲載終了予定日： 2022/02/21
496,株式会社栃木ケイテクノ | 【東証一部上場の関電工グループ】栃木県トップクラスの実績,【総合職(電気施工管理・電気工事士)】転勤なし／前職給与考慮！ 正社員,掲載終了予定日： 2022/03/24
497,株式会社富士鳩急送 | ◆賞与年2回 　◆転勤なし！ ◆月収40万円も可能です！！,好きを仕事に！高収入GETも！【ルート配送】※女性活躍中♪ 正社員,掲載終了予定日： 2022/03/10
498,株式会社日本セイユ― | 残業少なめ／寮完備で即入居OK／日・隔土休み,～50代の新入社員も活躍中～【反響営業】◎平均月収48万円 正社員,掲載終了予定日： 2022/03/10
499,株式会社三光不動産 | ◆道内トップクラスの総合不動産会社◆高い定着率が自慢です！,◎未経験者もOK◎総合不動産企業で活躍する【不動産管理】 正社員,掲載終了予定日： 2022/02/10
500,朝日エンタープライズ株式会社 | ―― 安全施設／遊具／体育施設の販売・施工を担う会社 ――,【 施工スタッフ 】未経験OK／年齢不問／完全週休2日制★ 正社員,掲載終了予定日： 2022/03/10
501,株式会社ホームケアサービス山口 | #福利厚生抜群　#業界随一の賞与　#資格取得をサポート,地域に貢献できる【ルート営業】☆応募前のカジュアルWEB面談OK 正社員,掲載終了予定日： 2022/02/17
502,ウィズライフ株式会社 | 安定成長企業・オンライン面接可・年収1500万円以上可能,【マンションメンテナンスの営業】平均月収55万円！転勤なし！ 正社員,掲載終了予定日： 2022/02/07
503,ジブラルタ生命保険株式会社 | 中国・四国エリアで高収入を実現｜【月給50万円以上】,【営業】(管理職)◆経験不問◆30代活躍中 ※中国・四国募集 正社員,掲載終了予定日： 2022/02/03
504,ジブラルタ生命保険株式会社 | 関西エリアで高収入を実現｜【月給50万円以上】,【営業】(管理職)◆経験不問◆30代活躍中 ※関西募集 正社員,掲載終了予定日： 2022/02/03
505,ジブラルタ生命保険株式会社 | 関東エリアで高収入を実現｜【月給50万円以上】,【営業】(管理職)◆経験不問◆30代活躍中 ※関東募集 正社員,掲載終了予定日： 2022/02/03
506,ジブラルタ生命保険株式会社 | 北陸・甲信越エリアで高収入を実現｜【月給50万円以上】,【営業】(管理職)◆経験不問◆30代活躍中 ※北陸・甲信越募集 正社員,掲載終了予定日： 2022/02/03
507,ジブラルタ生命保険株式会社 | 北海道・東北エリアで高収入を実現｜【月給50万円以上】,【営業】(管理職)◆経験不問◆30代活躍中 ※北海道・東北募集 正社員,掲載終了予定日： 2022/02/03
508,ジブラルタ生命保険株式会社 | 東海エリアで高収入を実現｜【月給50万円以上】,【営業】(管理職)◆経験不問◆30代活躍中 ※東海募集 正社員,掲載終了予定日： 2022/02/03
509,ジブラルタ生命保険株式会社 | 九州・沖縄エリアで高収入を実現｜【月給50万円以上】,【営業】(管理職)◆経験不問◆30代活躍中 ※九州・沖縄募集 正社員,掲載終了予定日： 2022/02/03
510,株式会社ケイズホーム | 《WEB集客が好調◎神戸・明石密着の優良企業》★安定収入を実現,問い合わせ対応のみ！【反響営業】★男女問わず20～40代が活躍中 正社員,掲載終了予定日： 2022/02/07
511,アフラック生命保険株式会社 | TVCMによる知名度もあなたの仕事の追い風になります♪,【営業職(個人・法人代理店)】自由な働き方で高収入を目指せる！ 業務委託,掲載終了予定日： 2022/01/31
512,株式会社総社クリーンメンテナンス | 《 特殊車輛が会社の武器 ★ 年収600万円越えの社員多数！ 》,みんな結構稼いどるよ！【 大型ドライバー 】※未経験者歓迎 正社員,掲載終了予定日： 2022/02/14
513,株式会社ＬＥＯＮＥ | 未経験でも月給25万円以上／2年目以降年収500万円以上も可！,完全反響営業【リフォームアドバイザー】完全週休2日★未経験OK 正社員,掲載終了予定日： 2022/02/28
514,郡司建設株式会社 | ◆賞与平均3.2ヶ月分支給！年収850万円も可能！前職給与を考慮,資格取得を目指す方も大歓迎！スキルUPを支援！【建築施工管理】 正社員,掲載終了予定日： 2022/02/28
515,丸富運輸有限会社 | 免許取得は入社後でOK/社員寮有/ローソン部積極採用/電話問合OK,未経験OK！【配送スタッフ】★日中運行のみ ★希望休が取れる！ 正社員,掲載終了予定日： 2022/02/07
516,株式会社総社クリーンメンテナンス | 【平均年収550万円 ★ 暮らしに、余裕を持たせませんか？ 】,特殊ジェット洗浄を手掛ける！【 メンテナンス 】※未経験歓迎 正社員,掲載終了予定日： 2022/02/14
517,株式会社相馬 | 直行直帰可◎転勤もなく、安定性◎大手ゼネコンと長期取引！,【現場管理】効率化を追い求め、働き方も柔軟に！年収700万も可 正社員,掲載終了予定日： 2022/01/31
518,新日本リース株式会社 | 新日本グループの安定性あり◆腰を据えて長期に活躍できる,ゆくゆくは月収40万円～も現実的【フォークリフトオペレーター】 正社員,掲載終了予定日： 2022/02/14
519,リスロン株式会社 | 【面接保証／書類選考なし！】勤務時間＆休日原則自由！,年齢・学歴・経験不問！【提案営業】 賞与年2回／報奨金年4回 業務委託,掲載終了予定日： 2022/02/07
520,日興石油株式会社 | 【山口産業グループ】固定報酬月額24万円で安心◎／山口県募集,月収40万以上可能！【ドライバー】★短距離ルート／普通免許でOK 業務委託,掲載終了予定日： 2022/02/07
521,サイワハウジング株式会社 | 川口で40年以上の実績を誇る【埼和興産グループ】有給取得率90%,【ルームアドバイザー】完全週休2日★月給23万円以上★年休120日 正社員,掲載終了予定日： 2022/03/07
522,株式会社モンステラ | 港区を拠点に不動産事業を展開,未経験◎【ルームアドバイザー】20代活躍中★インセン年6回支給 正社員,掲載終了予定日： 2022/02/07
523,株式会社全国健康センター | 創業50余年の安定した企業！★転勤なしで、高収入で働ける！,★充実の待遇！【ECサイト運営スタッフ】新設部門で活躍を期待！ 正社員,掲載終了予定日： 2022/02/28
524,大東建託株式会社 | 【東証一部上場】転勤なし／腰を据えて長く働ける／フレックス制,御殿場支店募集【営業】平均年収850万円/充実の研修/年休125日 正社員,掲載終了予定日： 2022/01/27
525,有限会社エリアリンク | 【東北の通信インフラを支える】転勤なし／年収700万円も可能,5Gや光通信などを手掛ける！【電気通信工事スタッフ】★未経験OK 正社員,掲載終了予定日： 2022/01/27
526,キャレット合同会社 | ＃月給40万～ ＃残業少なめ ＃年間休日130日～ #前給保証,【ITエンジニア】フルリモート×フレックスの自由な環境下で活躍 正社員,掲載終了予定日： 2022/02/24
527,想いコーポレーション株式会社,終活【コンシェルジュ】*未経験OK*終業前の退社も可*高収入可能 正社員,掲載終了予定日： 2022/02/24
528,株式会社アシストエンジニアリング | リモートで研修受講／研修受講費は全額会社負担,【WEBエンジニア】無資格未経験からスタート可！将来は手に職♪ 一般派遣,掲載終了予定日： 2022/02/03
529,ハヤシ化成工業株式会社 | 創業は大正12年！東証2部上場「東京インキ(株)」100％出資子会社,未経験でも月給30万円以上【製造スタッフ】◆賞与年2回 正社員,掲載終了予定日： 2022/02/07
530,株式会社LIV | 大手芸能プロダクションと提携！応募～内定まで1週間以内！,新事業を成功へ【芸能マネージャー／営業】未経験OK・20代活躍中 正社員,掲載終了予定日： 2022/01/31
531,株式会社ジオテック | 【地盤を見極める調査・解析のプロ集団】★未経験OK,【地質調査&解析技術者】★実働7時間・完全週休二日制 正社員,掲載終了予定日： 2022/01/31
532,丸和運送株式会社 | ”ありがとうのこころをあなたに” でおなじみ児湯食鳥グループ,【配送ドライバー】（7ｔトラック）★エリアは九州管内！ 正社員,掲載終了予定日： 2022/02/03
533,メットライフ生命保険株式会社 | 創業150年超／世界トップクラス外資生保／賞与年4回／転勤なし,【コンサルティング営業】将来のマネージャー候補採用！ 正社員,掲載終了予定日： 2022/02/17
534,株式会社アイプロホールディングス | ◆残業月20h以内/営業中央値年収約741万円/有給消化率85％,これからの時代を一緒に作ろう！【不動産販売／営業】年齢不問 正社員,掲載終了予定日： 2022/01/27
535,アフラック生命保険株式会社 | ◎営業経験や保険の知識は不問！◎ブランド力があり営業しやすい,<札幌総合支社募集>【営業職(個人代理店)】★自由な働き方 業務委託,掲載終了予定日： 2022/02/10
536,株式会社森北冷凍機 | 【岐阜県内で最大級規模】社員寮あり／豊富な手当／福利厚生充実,週休2日制でプライベート充実【設置スタッフ】残業月28時間程度 正社員,掲載終了予定日： 2022/02/17
537,株式会社ファーストブリッジ | ★土日休み★残業なし★住宅手当・子ども手当など各種制度が充実,入居希望者と施設を結ぶ【入居アドバイザ―】★月給30万円以上 正社員,掲載終了予定日： 2022/01/27
538,株式会社アネーラ | 入社1年目で<月収35万円超>の先輩も！／研修制度で未経験も安心,生協の【ルート配送(日中のみ)】完全週休2日／入社祝金制度あり 正社員,掲載終了予定日： 2022/01/27
539,株式会社マイスティア | 世界的メーカーとの取引多数！将来北米・台湾への海外赴任可能！,【総合職(半導体/サービスエンジニア等)】★土日休み/高収入可能 正社員,掲載終了予定日： 2022/02/14
540,ミナト流通サービス株式会社 | 賞与年2回／各種手当も充実／マイカー通勤可／月収35万円可,食品輸送の【ドライバー】★大型免許の取得支援あり★ 正社員,掲載終了予定日： 2022/01/31
541,株式会社BIS | グループ企業の基幹システムに携わる◆年間休日125日以上！,【社内SE】完全週休3日・時短もOK！リモート可！有給取得率100％ 正社員,掲載終了予定日： 2022/01/31
542,大樹生命保険株式会社 | 子育て・介護との両立OK／月給30万円可能／17時退社・時短勤務可,【ライフコンサルタント】★未経験歓迎★資格取得可能★土日祝休 正社員,掲載終了予定日： 2022/02/03
543,大石設備株式会社 | まっさらからプロになれる！将来的には独立も夢じゃない！,直行直帰OK！設備工事の【管理スタッフ】学歴不問／未経験歓迎 正社員,掲載終了予定日： 2022/01/27
544,株式会社クレドインターナショナル | ◆業種未経験歓迎◆平均月残業時間10h以下◆完全週休2日◆高収入,温浴施設の【支配人】◎ホテルスパ業界の大手企業！ 正社員,掲載終了予定日： 2022/02/07
545,メットライフ生命保険株式会社 | 残業ほぼなし&年休120日以上｜滋賀唯一のエイジェンシーオフィス,自由で社風のなかでしっかり稼げる【コンサルティング営業】 正社員,掲載終了予定日： 2022/01/31
546,株式会社サンキョウテクノスタッフ | 日本を代表する上場企業と取引！安定した経営基盤が強み,安定企業で活躍【 製造管理スタッフ 】完全週休2日★未経験歓迎 正社員,掲載終了予定日： 2022/01/31
547,有限会社Coo＆RIKU | 全国200店舗以上展開中のペット業界大手！,大手ペットショップの【店長候補】★中四国限定募集・月給30万～ 正社員,掲載終了予定日： 2022/01/31
548,株式会社ウッドフレンズ | JASDAQ・名証二部上場｜固定給+インセンティブ有★年間休日121日,【 住宅アドバイザー 】★充実の研修と提案しやすい商品力あり★ 正社員,掲載終了予定日： 2022/01/31
549,有限会社エーエフエヌ | オシャレな音楽が流れるオフィスで20～30代を中心に活躍中♪,【インサイドセールス（内勤営業）】月収30万円以上も目指せる！ 正社員,掲載終了予定日： 2022/02/28
550,有限会社Coo＆RIKU | 全国200店舗以上展開中のペット業界大手！,大手ペットショップの【総合職(SV・店長候補)】★東京限定募集 正社員,掲載終了予定日： 2022/01/31
551,首都圏ホーム株式会社 | ★20代男性活躍中★仲介料・礼金なしで自社賃貸の借入も可能♪,管理物件の【クリーニングスタッフ】/未経験でも月給26万円～★ 正社員,掲載終了予定日： 2022/01/31
552,沖土木建設株式会社 | ＼＼転職し入社後1ヵ月目から生活安定◎安定した高収入／／,まずは「年収」で選んでみませんか？【管理スタッフ】未経験OK 正社員,掲載終了予定日： 2022/02/10
553,株式会社札幌解体建設 | 転勤なし／電話問い合わせもOK！ ⇒ TEL／011-865-6060,月収24万円以上も可！【総合職（作業員／重機オペ／施工管理）】 正社員,掲載終了予定日： 2022/02/03
554,株式会社遊都 | ～大切な人に何してあげよう？“おもてなし”にこだわる会社～,未経験で平均月収26万☆*【店舗スタッフ】長期休暇の取得も可！ 正社員,掲載終了予定日： 2022/01/27
555,エクスペダイターズ・ジャパン株式会社 | 世界103カ国322拠点を設ける外資系企業◆賞与実績平均7ヶ月分,【提案営業】グローバル企業で国際貨物輸送を提案！※東京募集 正社員,掲載終了予定日： 2022/01/27
556,株式会社ケー・イー・シー | 社宅完備（7割会社負担）引っ越し費用／駐車場代も会社負担,焼却炉の【 設備管理 】◎月17日出勤 ◎入社半年で月収36万円可 正社員,掲載終了予定日： 2022/01/27
557,安部文化工業株式会社 | 創業から約70年景気に左右されず、安定成長を続ける優良企業！,◎未経験でも月給20万円以上！【 技術スタッフ 】転勤ナシ！ 正社員,掲載終了予定日： 2022/01/31
558,日星石油株式会社 | ★対象者とは全員面接！★書類では表せない、あなたの魅力を評価,年齢不問☆まだ迷ってるあなたを歓迎【総合職(接客・整備・他)】 正社員,掲載終了予定日： 2022/02/21
559,株式会社KRC | 希望や夢で新たなランドスケープを創造します◎年間休日124日,【建築技術者】★資格持ち優遇★高収入を目指したい方は必見！ 正社員,掲載終了予定日： 2022/02/21
560,有限会社アイデジタル | ◎34歳で年収694万円の実績あり！月8日休み(土日OK)/残業ほぼ0,【販売スタッフ】未経験で高収入を目指せる◆男女問わず活躍中★ 正社員,掲載終了予定日： 2022/03/28
561,株式会社Vヴィズリア | 完全週休2日制★土日祝休み★高インセンで稼げる★20～30代中心,未経験でOK！【人材コーディネーター】★年休125日以上 正社員,掲載終了予定日： 2022/02/21
562,千葉グランディハウス株式会社 | 【東証上場グループ】2/5(土)マイナビ転職フェア(千葉)参加予定,反響対応のみ！未経験も活躍できる【不動産/住宅アドバイザー】 正社員,掲載終了予定日： 2022/02/17
563,ＬＸ　ＰＡＮＴＯＳ　ＪＡＰＡＮ株式会社 | （旧社名：パントスジャパン株式会社）≪LXグループ≫,物流業界経験を活かせる！国際物流の【法人営業】※土日祝休み 正社員,掲載終了予定日： 2022/04/14
564,くにうみＡＩ証券株式会社 | ★くにうみアセットマネジメントグループ,【海外ファンド営業】完全週休2日制（土日祝） 正社員,掲載終了予定日： 2022/04/14
565,株式会社長内水源工業 | 【2022年1月22日（土）『マイナビ転職フェア盛岡』に出展】,年収600万円以上も目指せる！【さく井技術者】☆年休120日以上 正社員,掲載終了予定日： 2022/02/24
566,株式会社鳳陽社 | 日本の優れた商品を海外に輸出する貿易商社,商品の調達を行う【商社営業】◎完全土日祝休み ☆月給30万円～ 正社員,掲載終了予定日： 2022/02/24
567,株式会社ファーストライフ | ニーズが高まる不動産・医療分野で事業を展開！福岡の注目企業◎,《経験者募集》理想の未来をカタチに！【不動産営業】◎学歴不問 正社員,掲載終了予定日： 2022/04/11
568,スリーエムホーム高知株式会社 | 東証一部上場のLIXILグループが手掛ける『アイフルホーム』FC店,アイフルホームの【反響営業】◎完全週休2日制◎月給25万円以上 正社員,掲載終了予定日： 2022/04/11
569,株式会社ウンノハウス | ＼ 賞与年4回！／ GW・夏季・年末年始は5～8日休み！,住宅関連の工事経験を活かす！【アフターメンテナンス】 正社員,掲載終了予定日： 2022/04/07
570,株式会社ウンノハウス | 慣れ親しんだ場所で働きたいetc...Uターン歓迎!引越代サポート,業績賞与年4回【広告宣伝アシスタント】未経験から活躍できる！ 正社員,掲載終了予定日： 2022/04/07
571,株式会社ウンノハウス | ☆完全週休2日制☆【研修・勉強会などスキルUPできる環境豊富】,分業制なので業務に集中できる！【インテリアコーディネーター】 正社員,掲載終了予定日： 2022/03/28
572,株式会社ウンノハウス | 慣れ親しんだ場所で働きたいetc...Uターン歓迎!引越代サポート,業績賞与年4回！ワークライフバランスを実現☆【反響営業】 正社員,掲載終了予定日： 2022/03/28
573,株式会社ウンノハウス | 平均年収600万円以上／研修・勉強会などスキルUPできる環境豊富,"安定企業で""オンリーワン""の住まいづくり【住宅設計】 正社員",掲載終了予定日： 2022/03/28
574,株式会社ウンノハウス | 平均年収600万円以上／研修・勉強会などスキルUPできる環境豊富,"オンリーワン""の住まいづくり【住宅施工管理】 正社員",掲載終了予定日： 2022/03/28
575,株式会社プリペアド | 個別指導学院ヒーローズ｜コロナ禍でも生徒数増！2校で100名在籍,未経験の挑戦も歓迎【 教室運営スタッフ 】★教室長候補 正社員,掲載終了予定日： 2022/03/21
576,香川アロー株式会社 | #賞与5ヶ月実績#年収600万円以上も可能,高収入が目指せる!◎LPガス工事の【現場管理】 正社員,掲載終了予定日： 2022/03/07
577,平田機工株式会社 | ＜東証一部上場＞世界のものづくりを支える熊本のグローバル企業,キャリアアップ × 好待遇・高収入／スキルを活かす【製造技術】 正社員,掲載終了予定日： 2022/03/07
578,株式会社アイ工務店 | 《1月22日(土)マイナビ転職フェア大宮に出展予定！》,注文住宅の【反響営業】適正価格が好評！⇒無理なく売りやすい♪ 正社員,掲載終了予定日： 2022/02/14
579,株式会社アイ工務店 | 《1月15日(土)マイナビ転職フェア高崎に出展予定！》,≪群馬限定採用≫注文住宅の【反響営業】★完全週休二日制 正社員,掲載終了予定日： 2022/02/10
580,東京海上日動あんしん生命保険株式会社 | 東京中央第一支社・東京中央第三支社,【ライフパートナー(営業)】東京海上G正社員/賞与4回/転勤無 正社員,掲載終了予定日： 2022/02/10
581,勅使川原産業株式会社 | 大手宅配業務をメインとした運送業界のエキスパート,【物流スタッフ】◆定着率抜群の好環境が魅力◆経験者歓迎 正社員,掲載終了予定日： 2022/02/10
582,株式会社丸松ササキ工業 | ★旭川に根付いて30年 ★毎年受注が増加している堅実な経営,★普通免許があれば挑戦OK！ ★月給30万円～【土木技術者】 正社員,掲載終了予定日： 2022/02/10
583,株式会社バーンフュージョン | 未経験入社の先輩が数多く活躍中｜国家資格取得費用もサポート♪,正社員登用制度有！半導体ウェーハの【品質管理】年間休日180日 契約社員,掲載終了予定日： 2022/02/10
584,株式会社丸松ササキ工業 | ★旭川に根付いて30年 ★毎年受注が増加している堅実な経営,★未経験者が半数以上！ ★月給25万円～【土木作業員】 正社員,掲載終了予定日： 2022/02/10
585,株式会社木村土建 | 【創業91年】企業基盤の安定力抜群！応募者は全員面接します！,★即戦力★ 高収入を目指せる【建築施工管理】※月給40万以上可 正社員,掲載終了予定日： 2022/02/07
586,メットライフ生命保険株式会社 | 大手町エイジェンシーオフィス,賞与年4回！／年間休日121日以上！【コンサルティング営業】 正社員,掲載終了予定日： 2022/02/10
587,東建コーポレーション株式会社 | ■エリア勤務でも高収入！■上場企業で安心の将来を,月給26.3万円スタート【 営業 】奈良募集＊未経験歓迎＊年齢不問 正社員,掲載終了予定日： 2022/01/31
588,東建コーポレーション株式会社 | ■エリア勤務でも高収入！■上場企業で安心の将来を,月給26.3万円スタート【 営業 】茨城募集＊未経験歓迎＊年齢不問 正社員,掲載終了予定日： 2022/01/31
589,東建コーポレーション株式会社 | ■エリア勤務でも高収入！■上場企業で安心の将来を,月給26.3万円スタート【 営業 】愛知募集＊未経験歓迎＊年齢不問 正社員,掲載終了予定日： 2022/01/31
590,東建コーポレーション株式会社 | ■エリア勤務でも高収入！■上場企業で安心の将来を,月給26.3万円スタート【営業】神奈川募集＊未経験歓迎＊年齢不問 正社員,掲載終了予定日： 2022/01/31
591,東建コーポレーション株式会社 | ■エリア勤務でも高収入！■上場企業で安心の将来を,月給26.3万円スタート【 営業 】長野募集＊未経験歓迎＊年齢不問 正社員,掲載終了予定日： 2022/01/31
592,東建コーポレーション株式会社 | ■エリア勤務でも高収入！■上場企業で安心の将来を,月給26.3万円スタート【 営業 】兵庫募集＊未経験歓迎＊年齢不問 正社員,掲載終了予定日： 2022/01/31
593,東建コーポレーション株式会社 | ■エリア勤務でも高収入！■上場企業で安心の将来を,月給26.3万円スタート【 営業 】静岡募集＊未経験歓迎＊年齢不問 正社員,掲載終了予定日： 2022/01/31
594,東建コーポレーション株式会社 | ■エリア勤務でも高収入！■上場企業で安心の将来を,月給26.3万円スタート【 営業 】愛媛募集＊未経験歓迎＊年齢不問 正社員,掲載終了予定日： 2022/01/31
595,東建コーポレーション株式会社 | ■エリア勤務でも高収入！■上場企業で安心の将来を,月給26.3万円スタート【 営業 】群馬募集＊未経験歓迎＊年齢不問 正社員,掲載終了予定日： 2022/01/31
596,東建コーポレーション株式会社 | ■エリア勤務でも高収入！■上場企業で安心の将来を,月給26.3万円スタート【 営業 】福岡募集＊未経験歓迎＊年齢不問 正社員,掲載終了予定日： 2022/01/31
597,東建コーポレーション株式会社 | ■エリア勤務でも高収入！■上場企業で安心の将来を,月給26.3万円スタート【 営業 】石川募集＊未経験歓迎＊年齢不問 正社員,掲載終了予定日： 2022/01/31
598,東建コーポレーション株式会社 | ■エリア勤務でも高収入！■上場企業で安心の将来を,月給26.3万円スタート【 営業 】京都募集＊未経験歓迎＊年齢不問 正社員,掲載終了予定日： 2022/01/31
599,東建コーポレーション株式会社 | ■エリア勤務でも高収入！■上場企業で安心の将来を,月給26.3万円スタート【 営業 】千葉募集＊未経験歓迎＊年齢不問 正社員,掲載終了予定日： 2022/01/31
600,東建コーポレーション株式会社 | ■エリア勤務でも高収入！■上場企業で安心の将来を,月給26.3万円スタート【 営業 】大阪募集＊未経験歓迎＊年齢不問 正社員,掲載終了予定日： 2022/01/31
601,東建コーポレーション株式会社 | ■エリア勤務でも高収入！■上場企業で安心の将来を,月給26.3万円スタート【 営業 】埼玉募集＊未経験歓迎＊年齢不問 正社員,掲載終了予定日： 2022/01/31
602,東建コーポレーション株式会社 | ■エリア勤務でも高収入！■上場企業で安心の将来を,月給26.3万円スタート【 営業 】広島募集＊未経験歓迎＊年齢不問 正社員,掲載終了予定日： 2022/01/31
603,東建コーポレーション株式会社 | ■エリア勤務でも高収入！■上場企業で安心の将来を,月給26.3万円スタート【 営業 】岐阜募集＊未経験歓迎＊年齢不問 正社員,掲載終了予定日： 2022/01/31
604,東建コーポレーション株式会社 | ■エリア勤務でも高収入！■上場企業で安心の将来を,月給26.3万円スタート【 営業 】三重募集＊未経験歓迎＊年齢不問 正社員,掲載終了予定日： 2022/01/31
605,東建コーポレーション株式会社 | エリア勤務でも高収入、地元で安心できる生活を手に入れよう！,＼年休127日／【 営業 】中日本エリア募集＊未経験＊年齢不問 正社員,掲載終了予定日： 2022/01/31
606,株式会社エクススタッフ | ■1/22(土)福岡フェア出展します！入社3か月で月収33万円以上！,経験ゼロでいいんです！既存のお客様にきちんと向き合う【営業】 正社員,掲載終了予定日： 2022/01/31
607,信陽機材リース販売株式会社 | 東証1部上場・株式会社ワキタのグループ企業,未経験でも月給23万円以上でスタート【技術スタッフ】年休116日 正社員,掲載終了予定日： 2022/03/28
608,株式会社中央建設コンサルタント | 《 創業58年の安定・老舗企業 》賞与年3回/長期連続休暇あり,沖縄に根差して年収700万円も目指せる！【 技術士 】転勤なし 正社員,掲載終了予定日： 2022/03/21
609,積水ハウスノイエ株式会社 | ★賞与年2回（平均6.44ヵ月分）＋決算賞与／残業月平均30h程度★,待遇もキャリアもワンランク上へ【新築住宅の営業】※経験者募集 正社員,掲載終了予定日： 2022/03/14
610,株式会社ハッピーライフ | ★未経験OK ★完全週休2日制 ／ きれいなオフィスで快適ワーク,お客様にピッタリの住宅会社選び【アドバイザー】☆月給25万円～ 正社員,掲載終了予定日： 2022/03/07
611,株式会社タクマ | 【東証一部上場】環境保全・エネルギープラントのパイオニア企業,社会インフラに貢献【プラントエンジニア】※兵庫県限定募集 正社員,掲載終了予定日： 2022/02/17
612,株式会社タクマ | 【東証一部上場】環境保全・エネルギープラントのパイオニア企業,東京・北海道・宮城募集【プラント施工監理(機械/元請)】 正社員,掲載終了予定日： 2022/02/17
613,株式会社タクマ | 【東証一部上場】環境保全・エネルギープラントのパイオニア企業,【プラント機器エンジニア（詳細設計・手配指示等）】離職率3％ 正社員,掲載終了予定日： 2022/02/17
614,株式会社タクマ | 【東証一部上場】環境保全・エネルギープラントのパイオニア企業,【プラントエンジニア（電気・計装機械）】年休128日／離職率3％ 正社員,掲載終了予定日： 2022/02/17
615,株式会社タクマ | 【東証一部上場】環境保全・エネルギープラントのパイオニア企業,九州・兵庫本社募集【プラント施工監理(機械/元請)】年休128日 正社員,掲載終了予定日： 2022/02/17
616,新栄工業株式会社 | 【創業54年】『空調ダクト』製造で大手企業と取引多数の安定企業,未経験でも月給26万円スタート！残業少なめ【取付スタッフ】 正社員,掲載終了予定日： 2022/02/14
617,株式会社幸和ホーム | 1987年創業・アメニティジョイハウスグループの一員　★転勤なし,西海岸風・自由でデザイン性の高い注文住宅の【建築施工管理】 正社員,掲載終了予定日： 2022/02/07
